fact_id,sk_cliente,sk_treino,sk_aula,sk_campanha,data,hora_entrada,hora_saida,avaliacao_treino,avaliacao_aula,tempo_permanencia,calorias_queimadas
1,14,4.0,1.0,4.0,2025-09-01,18,20,5.0,3.0,2,832
2,78,10.0,1.0,3.0,2025-09-01,19,20,5.0,,1,850
3,35,,2.0,7.0,2025-09-01,19,22,,4.0,3,220
4,59,6.0,1.0,,2025-09-01,15,17,,1.0,2,903
5,52,2.0,,,2025-09-01,15,18,1.0,,3,595
6,81,12.0,,,2025-09-01,11,13,,,2,314
7,43,7.0,1.0,3.0,2025-09-01,9,10,,,1,959
8,16,13.0,2.0,2.0,2025-09-01,9,10,,,1,598
9,10,20.0,,,2025-09-01,14,17,2.0,,3,752
10,67,4.0,1.0,4.0,2025-09-01,18,20,2.0,2.0,2,832
11,40,15.0,,3.0,2025-09-01,13,16,,,3,739
12,87,1.0,1.0,1.0,2025-09-01,19,21,1.0,1.0,2,1071
13,26,13.0,,2.0,2025-09-01,18,19,,,1,378
14,50,12.0,1.0,7.0,2025-09-01,20,22,,4.0,2,862
15,11,10.0,1.0,,2025-09-01,20,21,5.0,1.0,1,850
16,6,19.0,2.0,,2025-09-01,19,21,,,2,931
17,49,1.0,,7.0,2025-09-01,12,14,,,2,523
18,43,1.0,2.0,,2025-09-01,15,17,,5.0,2,743
19,93,8.0,,4.0,2025-09-01,9,12,,,3,520
20,38,14.0,,,2025-09-01,20,21,3.0,,1,641
21,64,3.0,2.0,,2025-09-01,18,19,,,1,836
22,31,,2.0,7.0,2025-09-01,12,15,,,3,220
23,11,7.0,1.0,4.0,2025-09-01,20,21,2.0,5.0,1,959
24,78,18.0,2.0,2.0,2025-09-01,19,20,3.0,4.0,1,568
25,54,1.0,,3.0,2025-09-01,11,13,,,2,523
26,87,15.0,,4.0,2025-09-01,18,21,5.0,,3,739
27,100,16.0,2.0,2.0,2025-09-01,15,17,,,2,604
28,55,10.0,1.0,,2025-09-01,19,21,1.0,,2,850
29,35,,1.0,7.0,2025-09-01,13,15,,,2,548
30,19,12.0,,2.0,2025-09-01,11,12,4.0,,1,314
31,51,,1.0,,2025-09-01,18,20,,,2,548
32,42,3.0,,7.0,2025-09-01,13,14,5.0,,1,616
33,34,,2.0,7.0,2025-09-01,12,14,,,2,220
34,50,10.0,1.0,3.0,2025-09-01,20,22,,1.0,2,850
35,87,,2.0,1.0,2025-09-01,9,12,,,3,220
36,40,10.0,,4.0,2025-09-01,18,20,,,2,302
37,49,,1.0,,2025-09-01,14,16,,,2,548
38,48,,1.0,4.0,2025-09-01,20,22,,3.0,2,548
39,45,1.0,2.0,,2025-09-01,19,22,,,3,743
40,33,12.0,2.0,3.0,2025-09-01,14,17,,3.0,3,534
41,1,2.0,,,2025-09-01,10,11,,,1,595
42,95,2.0,,,2025-09-01,20,21,,,1,595
43,71,14.0,,,2025-09-01,17,18,,,1,641
44,19,18.0,2.0,,2025-09-01,15,17,2.0,,2,568
45,26,18.0,,4.0,2025-09-02,14,17,3.0,,3,348
46,36,13.0,,,2025-09-02,18,21,,,3,378
47,80,13.0,4.0,4.0,2025-09-02,9,10,5.0,,1,729
48,19,11.0,,4.0,2025-09-02,10,13,,,3,629
49,82,10.0,,,2025-09-02,18,21,,,3,302
50,20,20.0,,4.0,2025-09-02,12,15,,,3,752
51,7,17.0,3.0,3.0,2025-09-02,18,20,,,2,1282
52,20,19.0,,7.0,2025-09-02,19,20,,,1,711
53,92,,4.0,7.0,2025-09-02,12,14,,,2,351
54,83,8.0,3.0,,2025-09-02,19,22,3.0,1.0,3,1050
55,96,,4.0,4.0,2025-09-02,18,20,,,2,351
56,81,19.0,,,2025-09-02,17,19,,,2,711
57,52,12.0,,,2025-09-02,13,15,2.0,,2,314
58,3,,3.0,4.0,2025-09-02,13,16,,,3,530
59,45,19.0,,3.0,2025-09-02,20,22,3.0,,2,711
60,45,,4.0,4.0,2025-09-02,19,20,,3.0,1,351
61,33,12.0,4.0,4.0,2025-09-02,19,20,,3.0,1,665
62,69,13.0,3.0,,2025-09-02,9,10,,5.0,1,908
63,31,17.0,,7.0,2025-09-02,19,21,,,2,752
64,31,2.0,,,2025-09-02,12,14,,,2,595
65,61,5.0,4.0,7.0,2025-09-02,9,12,5.0,1.0,3,988
66,48,,3.0,,2025-09-02,11,14,,,3,530
67,79,,3.0,4.0,2025-09-02,13,15,,,2,530
68,7,18.0,3.0,7.0,2025-09-02,9,10,,1.0,1,878
69,35,,3.0,,2025-09-02,15,17,,,2,530
70,98,1.0,,4.0,2025-09-02,18,20,,,2,523
71,65,20.0,,2.0,2025-09-02,13,14,5.0,,1,752
72,53,,3.0,,2025-09-02,19,21,,,2,530
73,7,8.0,3.0,7.0,2025-09-02,19,20,,2.0,1,1050
74,91,6.0,4.0,7.0,2025-09-02,11,12,5.0,,1,706
75,59,20.0,3.0,7.0,2025-09-02,11,13,,,2,1282
76,38,19.0,3.0,7.0,2025-09-02,9,11,,3.0,2,1241
77,99,15.0,4.0,2.0,2025-09-02,9,10,4.0,,1,1090
78,44,,3.0,4.0,2025-09-02,19,20,,,1,530
79,12,,4.0,7.0,2025-09-02,18,20,,4.0,2,351
80,49,5.0,,7.0,2025-09-02,13,16,,,3,637
81,11,18.0,4.0,7.0,2025-09-02,19,22,,,3,699
82,10,6.0,,2.0,2025-09-02,12,13,,,1,355
83,83,10.0,3.0,2.0,2025-09-02,13,15,3.0,,2,832
84,31,,3.0,4.0,2025-09-02,12,13,,,1,530
85,95,1.0,,7.0,2025-09-02,17,20,5.0,,3,523
86,84,13.0,4.0,3.0,2025-09-02,20,21,,,1,729
87,16,3.0,3.0,3.0,2025-09-02,10,13,,,3,1146
88,42,,4.0,,2025-09-02,14,17,,4.0,3,351
89,85,9.0,4.0,,2025-09-02,19,20,,,1,896
90,39,,3.0,,2025-09-02,16,18,,,2,530
91,33,11.0,4.0,,2025-09-02,14,15,2.0,,1,980
92,48,,4.0,4.0,2025-09-02,19,21,,,2,351
93,86,12.0,,3.0,2025-09-03,12,15,3.0,,3,314
94,91,12.0,5.0,7.0,2025-09-03,15,18,,,3,857
95,45,,6.0,7.0,2025-09-03,17,18,,,1,476
96,34,,5.0,4.0,2025-09-03,10,11,,4.0,1,543
97,9,20.0,,,2025-09-03,19,20,1.0,,1,752
98,66,3.0,,,2025-09-03,19,21,,,2,616
99,46,,5.0,4.0,2025-09-03,10,13,,,3,543
100,54,5.0,,,2025-09-03,15,16,5.0,,1,637
101,5,6.0,6.0,4.0,2025-09-03,19,22,5.0,,3,831
102,63,15.0,,7.0,2025-09-03,19,21,,,2,739
103,23,12.0,6.0,2.0,2025-09-03,12,13,4.0,,1,790
104,25,,6.0,,2025-09-03,11,13,,,2,476
105,15,7.0,5.0,,2025-09-03,18,19,,,1,954
106,70,,5.0,4.0,2025-09-03,13,14,,,1,543
107,49,3.0,,,2025-09-03,18,21,5.0,,3,616
108,71,15.0,,,2025-09-03,13,15,,,2,739
109,56,,5.0,,2025-09-03,12,14,,1.0,2,543
110,13,3.0,,,2025-09-03,16,17,3.0,,1,616
111,36,1.0,,7.0,2025-09-03,17,18,4.0,,1,523
112,69,16.0,5.0,,2025-09-03,9,10,,3.0,1,927
113,69,5.0,6.0,7.0,2025-09-03,20,22,1.0,5.0,2,1113
114,15,9.0,6.0,7.0,2025-09-03,20,22,,,2,1021
115,87,,6.0,,2025-09-03,13,16,,4.0,3,476
116,18,14.0,,2.0,2025-09-03,19,21,,,2,641
117,78,19.0,5.0,4.0,2025-09-03,9,10,,,1,1254
118,24,3.0,,,2025-09-03,12,15,,,3,616
119,14,2.0,6.0,,2025-09-03,9,11,5.0,,2,1071
120,50,15.0,5.0,7.0,2025-09-03,9,10,,2.0,1,1282
121,15,7.0,6.0,3.0,2025-09-03,9,10,1.0,3.0,1,887
122,91,4.0,5.0,2.0,2025-09-03,15,17,,5.0,2,827
123,87,10.0,,7.0,2025-09-03,19,22,,,3,302
124,70,,6.0,7.0,2025-09-03,11,13,,5.0,2,476
125,44,,6.0,7.0,2025-09-03,10,11,,4.0,1,476
126,94,4.0,,3.0,2025-09-03,19,21,,,2,284
127,45,14.0,,3.0,2025-09-03,18,21,,,3,641
128,64,20.0,,7.0,2025-09-03,19,21,,,2,752
129,42,2.0,6.0,6.0,2025-09-03,14,15,,,1,1071
130,25,16.0,,7.0,2025-09-03,13,16,,,3,384
131,57,4.0,5.0,3.0,2025-09-03,19,20,,,1,827
132,57,17.0,5.0,,2025-09-03,18,21,,,3,1295
133,75,,5.0,4.0,2025-09-03,11,14,,4.0,3,543
134,83,18.0,,2.0,2025-09-03,19,21,,,2,348
135,71,11.0,,7.0,2025-09-03,13,15,4.0,,2,629
136,77,17.0,,2.0,2025-09-03,11,12,,,1,752
137,99,14.0,6.0,,2025-09-03,9,10,,,1,1117
138,34,,6.0,,2025-09-03,12,14,,,2,476
139,22,16.0,6.0,,2025-09-03,9,11,,5.0,2,860
140,33,1.0,5.0,2.0,2025-09-03,18,20,,,2,1066
141,51,,5.0,,2025-09-03,19,22,,,3,543
142,69,11.0,5.0,7.0,2025-09-03,20,22,,3.0,2,1172
143,13,7.0,,3.0,2025-09-03,20,22,,,2,411
144,44,,9.0,4.0,2025-09-04,16,19,,2.0,3,250
145,91,8.0,9.0,7.0,2025-09-04,10,13,,,3,770
146,87,12.0,,,2025-09-04,18,19,1.0,,1,314
147,6,1.0,10.0,2.0,2025-09-04,16,17,,4.0,1,1029
148,54,10.0,,7.0,2025-09-04,10,12,,,2,302
149,95,5.0,,2.0,2025-09-04,15,17,4.0,,2,637
150,53,,10.0,7.0,2025-09-04,20,22,,,2,506
151,81,8.0,,2.0,2025-09-04,16,17,3.0,,1,520
152,83,9.0,9.0,,2025-09-04,14,16,,,2,795
153,72,18.0,9.0,,2025-09-04,9,10,2.0,,1,598
154,78,,10.0,,2025-09-04,18,19,,,1,506
155,60,18.0,,4.0,2025-09-04,18,20,,,2,348
156,72,5.0,9.0,,2025-09-04,19,21,,,2,887
157,25,9.0,,7.0,2025-09-04,13,15,,,2,545
158,33,12.0,9.0,7.0,2025-09-04,18,20,,,2,564
159,81,16.0,,4.0,2025-09-04,19,20,,,1,384
160,96,,9.0,,2025-09-04,20,22,,,2,250
161,76,,10.0,,2025-09-04,11,12,,,1,506
162,5,17.0,,,2025-09-04,17,18,3.0,,1,752
163,73,20.0,10.0,7.0,2025-09-04,9,10,,,1,1258
164,49,19.0,,4.0,2025-09-04,18,20,,,2,711
165,45,10.0,10.0,7.0,2025-09-04,20,21,,,1,808
166,1,20.0,,3.0,2025-09-04,11,12,2.0,,1,752
167,31,15.0,,2.0,2025-09-04,18,19,,,1,739
168,27,1.0,9.0,7.0,2025-09-04,9,10,,,1,773
169,97,7.0,,3.0,2025-09-04,20,22,2.0,,2,411
170,54,19.0,,2.0,2025-09-04,9,11,5.0,,2,711
171,48,,9.0,,2025-09-04,20,21,,,1,250
172,77,14.0,,,2025-09-04,20,21,,,1,641
173,27,4.0,10.0,2.0,2025-09-04,9,10,1.0,,1,790
174,84,15.0,10.0,,2025-09-04,9,10,2.0,4.0,1,1245
175,52,16.0,,,2025-09-04,18,20,,,2,384
176,4,15.0,,,2025-09-04,20,22,,,2,739
177,25,15.0,,7.0,2025-09-04,14,16,2.0,,2,739
178,74,19.0,,,2025-09-04,16,19,,,3,711
179,35,,10.0,4.0,2025-09-04,19,20,,,1,506
180,3,1.0,,4.0,2025-09-04,13,15,,,2,523
181,55,14.0,,,2025-09-04,20,22,,,2,641
182,89,18.0,,1.0,2025-09-04,11,14,,,3,348
183,11,9.0,10.0,,2025-09-04,20,22,,1.0,2,1051
184,46,,10.0,7.0,2025-09-04,20,21,,3.0,1,506
185,83,14.0,,3.0,2025-09-04,19,20,,,1,641
186,87,10.0,,,2025-09-04,19,21,,,2,302
187,22,18.0,10.0,,2025-09-04,19,20,2.0,,1,854
188,44,,10.0,7.0,2025-09-04,19,21,,1.0,2,506
189,21,14.0,,4.0,2025-09-04,19,22,,,3,641
190,92,,7.0,4.0,2025-09-05,13,14,,4.0,1,435
191,66,,8.0,,2025-09-05,20,22,,3.0,2,369
192,44,,7.0,,2025-09-05,11,12,,2.0,1,435
193,31,2.0,8.0,,2025-09-05,19,21,3.0,5.0,2,964
194,36,6.0,,7.0,2025-09-05,10,11,,,1,355
195,76,18.0,8.0,,2025-09-05,15,17,,,2,717
196,50,20.0,8.0,3.0,2025-09-05,9,10,,,1,1121
197,71,15.0,,2.0,2025-09-05,9,10,,,1,739
198,93,5.0,,,2025-09-05,9,10,2.0,,1,637
199,87,4.0,,2.0,2025-09-05,12,15,,,3,284
200,74,5.0,,,2025-09-05,9,12,2.0,,3,637
201,41,3.0,8.0,2.0,2025-09-05,19,20,,,1,985
202,58,18.0,7.0,,2025-09-05,9,10,,,1,783
203,20,7.0,,,2025-09-05,12,15,2.0,,3,411
204,86,5.0,7.0,4.0,2025-09-05,18,20,,4.0,2,1072
205,57,7.0,,,2025-09-05,16,19,,,3,411
206,41,12.0,7.0,7.0,2025-09-05,18,19,,3.0,1,749
207,38,5.0,,,2025-09-05,17,18,,,1,637
208,67,14.0,8.0,3.0,2025-09-05,9,11,,3.0,2,1010
209,52,3.0,,,2025-09-05,13,15,,,2,616
210,48,,7.0,7.0,2025-09-05,19,21,,,2,435
211,36,18.0,,4.0,2025-09-05,17,20,1.0,,3,348
212,4,16.0,,3.0,2025-09-05,19,21,,,2,384
213,36,11.0,,,2025-09-05,13,16,,,3,629
214,98,12.0,,7.0,2025-09-05,19,21,,,2,314
215,11,3.0,7.0,4.0,2025-09-05,9,10,,,1,1051
216,73,18.0,8.0,,2025-09-05,19,21,,,2,717
217,56,,7.0,,2025-09-05,9,11,,,2,435
218,96,,7.0,,2025-09-05,12,15,,,3,435
219,9,11.0,7.0,,2025-09-05,19,20,,3.0,1,1064
220,69,4.0,8.0,3.0,2025-09-05,9,10,,,1,653
221,100,6.0,8.0,2.0,2025-09-05,9,11,2.0,,2,724
222,25,2.0,,7.0,2025-09-05,18,20,,,2,595
223,7,14.0,7.0,3.0,2025-09-05,9,10,,,1,1076
224,97,,8.0,,2025-09-05,20,21,,,1,369
225,48,13.0,,7.0,2025-09-05,19,21,5.0,,2,378
226,93,13.0,,4.0,2025-09-05,11,14,1.0,,3,378
227,5,10.0,8.0,7.0,2025-09-05,18,21,4.0,1.0,3,671
228,73,19.0,7.0,,2025-09-05,19,20,5.0,,1,1146
229,93,11.0,,3.0,2025-09-05,10,13,4.0,,3,629
230,37,18.0,,7.0,2025-09-05,20,22,4.0,,2,348
231,66,12.0,,4.0,2025-09-05,20,22,,,2,314
232,87,19.0,,7.0,2025-09-05,13,14,,,1,711
233,33,7.0,8.0,,2025-09-05,14,15,,5.0,1,780
234,25,5.0,,2.0,2025-09-05,18,19,,,1,637
235,95,8.0,,7.0,2025-09-05,10,13,,,3,520
236,64,14.0,,4.0,2025-09-05,19,21,,,2,641
237,70,,7.0,,2025-09-05,17,19,,4.0,2,435
238,80,3.0,1.0,7.0,2025-09-08,9,10,,,1,1164
239,20,,1.0,,2025-09-08,18,21,,,3,548
240,14,10.0,1.0,4.0,2025-09-08,9,10,,,1,850
241,88,17.0,,,2025-09-08,20,22,5.0,,2,752
242,99,7.0,2.0,4.0,2025-09-08,19,21,,3.0,2,631
243,62,19.0,,,2025-09-08,16,19,4.0,,3,711
244,35,,1.0,7.0,2025-09-08,11,14,,4.0,3,548
245,46,1.0,,2.0,2025-09-08,16,18,,,2,523
246,45,,2.0,4.0,2025-09-08,17,20,,5.0,3,220
247,15,8.0,2.0,,2025-09-08,20,21,,2.0,1,740
248,46,16.0,,7.0,2025-09-08,9,12,,,3,384
249,51,,1.0,,2025-09-08,20,22,,1.0,2,548
250,31,13.0,,7.0,2025-09-08,18,21,,,3,378
251,56,,2.0,7.0,2025-09-08,13,15,,,2,220
252,44,,1.0,4.0,2025-09-08,14,17,,,3,548
253,30,20.0,1.0,4.0,2025-09-08,9,11,,2.0,2,1300
254,34,,1.0,4.0,2025-09-08,13,15,,,2,548
255,16,2.0,2.0,,2025-09-08,11,13,,,2,815
256,64,12.0,,,2025-09-08,13,14,,,1,314
257,64,20.0,1.0,,2025-09-08,12,14,,,2,1300
258,18,15.0,,,2025-09-08,19,22,,,3,739
259,18,16.0,,4.0,2025-09-08,19,21,,,2,384
260,31,7.0,,4.0,2025-09-08,13,16,3.0,,3,411
261,16,9.0,1.0,,2025-09-08,9,12,5.0,,3,1093
262,75,,1.0,4.0,2025-09-08,16,17,,1.0,1,548
263,3,,2.0,,2025-09-08,16,17,,,1,220
264,99,17.0,2.0,7.0,2025-09-08,19,21,,,2,972
265,51,,2.0,,2025-09-08,16,18,,4.0,2,220
266,62,,2.0,,2025-09-08,13,15,,4.0,2,220
267,4,18.0,,2.0,2025-09-08,19,20,,,1,348
268,92,10.0,,7.0,2025-09-08,14,15,,,1,302
269,42,11.0,2.0,7.0,2025-09-08,18,19,4.0,5.0,1,849
270,81,9.0,,7.0,2025-09-08,18,20,2.0,,2,545
271,65,,1.0,,2025-09-08,18,19,,,1,548
272,29,17.0,,4.0,2025-09-08,20,21,,,1,752
273,70,,1.0,4.0,2025-09-08,11,12,,,1,548
274,33,2.0,1.0,,2025-09-08,18,20,,,2,1143
275,39,,2.0,7.0,2025-09-08,20,22,,,2,220
276,28,6.0,1.0,4.0,2025-09-08,19,21,4.0,,2,903
277,24,6.0,,7.0,2025-09-08,19,22,,,3,355
278,72,20.0,2.0,7.0,2025-09-08,19,20,,3.0,1,972
279,19,,2.0,,2025-09-08,10,11,,,1,220
280,65,,2.0,,2025-09-08,20,22,,,2,220
281,50,18.0,1.0,7.0,2025-09-08,20,22,,4.0,2,896
282,44,,2.0,,2025-09-08,13,14,,,1,220
283,11,13.0,2.0,3.0,2025-09-08,20,21,2.0,,1,598
284,77,4.0,,,2025-09-08,20,22,,,2,284
285,56,,1.0,,2025-09-08,10,11,,3.0,1,548
286,47,20.0,,3.0,2025-09-08,19,20,,,1,752
287,68,14.0,,2.0,2025-09-08,12,14,,,2,641
288,30,12.0,2.0,,2025-09-08,9,10,,,1,534
289,32,17.0,1.0,,2025-09-08,13,14,5.0,,1,1300
290,1,1.0,,4.0,2025-09-08,15,18,,,3,523
291,75,,3.0,,2025-09-09,16,17,,1.0,1,530
292,42,1.0,4.0,2.0,2025-09-09,18,21,1.0,3.0,3,874
293,1,16.0,4.0,7.0,2025-09-09,9,12,,5.0,3,735
294,20,3.0,,,2025-09-09,18,21,,,3,616
295,85,,4.0,7.0,2025-09-09,19,22,,,3,351
296,41,9.0,4.0,2.0,2025-09-09,20,22,,5.0,2,896
297,77,7.0,,,2025-09-09,15,16,5.0,,1,411
298,7,,4.0,,2025-09-09,9,12,,,3,351
299,13,8.0,,,2025-09-09,13,14,4.0,,1,520
300,80,13.0,,,2025-09-09,11,13,4.0,,2,378
301,78,14.0,4.0,4.0,2025-09-09,19,20,,,1,992
302,48,,4.0,7.0,2025-09-09,19,21,,,2,351
303,24,20.0,,2.0,2025-09-09,13,15,1.0,,2,752
304,68,7.0,,,2025-09-09,13,16,,,3,411
305,89,12.0,,7.0,2025-09-09,16,17,,,1,314
306,20,10.0,,,2025-09-09,18,20,,,2,302
307,13,4.0,,,2025-09-09,17,20,,,3,284
308,85,18.0,4.0,4.0,2025-09-09,13,16,5.0,,3,699
309,37,,4.0,7.0,2025-09-09,17,20,,5.0,3,351
310,91,5.0,4.0,7.0,2025-09-09,11,13,,,2,988
311,20,,4.0,,2025-09-09,19,21,,,2,351
312,61,14.0,,4.0,2025-09-09,10,12,,,2,641
313,65,,4.0,,2025-09-09,11,12,,,1,351
314,13,14.0,,,2025-09-09,14,15,,,1,641
315,98,,3.0,,2025-09-09,19,20,,,1,530
316,47,18.0,3.0,4.0,2025-09-09,18,21,,,3,878
317,24,19.0,,2.0,2025-09-09,18,21,1.0,,3,711
318,35,,3.0,4.0,2025-09-09,18,20,,2.0,2,530
319,23,10.0,3.0,2.0,2025-09-09,18,20,,,2,832
320,95,11.0,,2.0,2025-09-09,16,19,,,3,629
321,94,10.0,,4.0,2025-09-09,19,21,,,2,302
322,20,,3.0,7.0,2025-09-09,12,14,,,2,530
323,72,16.0,3.0,3.0,2025-09-09,9,10,5.0,,1,914
324,79,,4.0,7.0,2025-09-09,12,14,,,2,351
325,20,4.0,5.0,4.0,2025-09-10,19,20,,,1,827
326,87,,5.0,,2025-09-10,17,20,,,3,543
327,29,19.0,,2.0,2025-09-10,19,21,1.0,,2,711
328,93,5.0,,,2025-09-10,11,14,,,3,637
329,83,15.0,5.0,,2025-09-10,19,21,,2.0,2,1282
330,3,15.0,,2.0,2025-09-10,16,18,2.0,,2,739
331,96,,6.0,7.0,2025-09-10,19,22,,1.0,3,476
332,86,8.0,,,2025-09-10,12,15,,,3,520
333,87,15.0,5.0,2.0,2025-09-10,18,21,,1.0,3,1282
334,20,15.0,,4.0,2025-09-10,18,19,,,1,739
335,85,12.0,,,2025-09-10,13,16,2.0,,3,314
336,44,,5.0,4.0,2025-09-10,15,18,,,3,543
337,89,9.0,,,2025-09-10,17,20,,,3,545
338,97,11.0,,,2025-09-10,20,21,1.0,,1,629
339,59,14.0,5.0,2.0,2025-09-10,11,12,,,1,1184
340,64,4.0,,,2025-09-10,18,20,2.0,,2,284
341,11,13.0,5.0,2.0,2025-09-10,20,21,,,1,921
342,20,4.0,6.0,,2025-09-10,13,16,,4.0,3,760
343,65,18.0,6.0,,2025-09-10,12,14,,,2,824
344,15,,5.0,,2025-09-10,18,20,,,2,543
345,43,1.0,6.0,7.0,2025-09-10,15,18,5.0,,3,999
346,65,17.0,5.0,,2025-09-10,19,22,1.0,1.0,3,1295
347,37,6.0,,7.0,2025-09-10,16,18,,,2,355
348,35,,5.0,7.0,2025-09-10,15,16,,,1,543
349,40,,6.0,4.0,2025-09-10,18,21,,,3,476
350,40,,5.0,4.0,2025-09-10,18,21,,2.0,3,543
351,92,14.0,,2.0,2025-09-10,14,17,4.0,,3,641
352,100,15.0,5.0,4.0,2025-09-10,11,12,,5.0,1,1282
353,12,,6.0,7.0,2025-09-10,10,12,,3.0,2,476
354,90,,6.0,,2025-09-10,18,20,,,2,476
355,78,16.0,6.0,3.0,2025-09-10,18,21,2.0,,3,860
356,80,13.0,5.0,3.0,2025-09-10,9,10,4.0,,1,921
357,54,1.0,,3.0,2025-09-10,10,13,,,3,523
358,6,18.0,5.0,7.0,2025-09-10,18,20,4.0,,2,891
359,82,,5.0,4.0,2025-09-10,14,16,,,2,543
360,48,4.0,,,2025-09-10,19,20,,,1,284
361,81,12.0,,,2025-09-10,13,15,3.0,,2,314
362,60,2.0,6.0,3.0,2025-09-10,12,13,,4.0,1,1071
363,56,,5.0,4.0,2025-09-10,16,18,,,2,543
364,2,,6.0,,2025-09-10,20,22,,,2,476
365,41,4.0,5.0,,2025-09-10,20,22,,5.0,2,827
366,43,18.0,5.0,,2025-09-10,9,11,,,2,891
367,6,20.0,5.0,2.0,2025-09-10,19,21,4.0,,2,1295
368,94,,5.0,7.0,2025-09-10,19,20,,,1,543
369,78,20.0,5.0,7.0,2025-09-10,18,20,1.0,5.0,2,1295
370,50,14.0,6.0,,2025-09-10,20,21,3.0,5.0,1,1117
371,50,15.0,6.0,7.0,2025-09-10,9,11,2.0,,2,1215
372,68,8.0,,2.0,2025-09-10,13,14,,,1,520
373,79,15.0,5.0,2.0,2025-09-10,19,22,5.0,,3,1282
374,23,4.0,6.0,,2025-09-10,18,21,,,3,760
375,37,,5.0,7.0,2025-09-10,19,22,,5.0,3,543
376,37,16.0,5.0,,2025-09-10,16,18,2.0,1.0,2,927
377,59,15.0,5.0,,2025-09-10,15,16,,,1,1282
378,22,15.0,6.0,2.0,2025-09-10,19,22,2.0,,3,1215
379,10,,6.0,,2025-09-10,19,21,,4.0,2,476
380,66,,6.0,7.0,2025-09-10,20,22,,,2,476
381,93,2.0,,4.0,2025-09-10,15,16,1.0,,1,595
382,41,17.0,9.0,,2025-09-11,18,20,5.0,,2,1002
383,9,7.0,9.0,2.0,2025-09-11,18,20,3.0,,2,661
384,98,16.0,9.0,3.0,2025-09-11,19,22,,,3,634
385,12,,9.0,7.0,2025-09-11,13,15,,4.0,2,250
386,34,,10.0,4.0,2025-09-11,12,13,,,1,506
387,7,11.0,9.0,3.0,2025-09-11,20,21,,,1,879
388,5,8.0,9.0,7.0,2025-09-11,20,22,2.0,5.0,2,770
389,71,7.0,,2.0,2025-09-11,19,20,,,1,411
390,51,5.0,,,2025-09-11,19,20,5.0,,1,637
391,41,5.0,,,2025-09-11,12,13,5.0,,1,637
392,63,10.0,,4.0,2025-09-11,19,21,3.0,,2,302
393,57,8.0,10.0,7.0,2025-09-11,18,21,,,3,1026
394,62,,10.0,6.0,2025-09-11,13,16,,,3,506
395,72,18.0,10.0,,2025-09-11,18,19,2.0,,1,854
396,70,,9.0,4.0,2025-09-11,10,13,,3.0,3,250
397,50,11.0,9.0,2.0,2025-09-11,20,22,,,2,879
398,45,10.0,10.0,3.0,2025-09-11,16,19,1.0,,3,808
399,17,8.0,,3.0,2025-09-11,13,16,,,3,520
400,32,13.0,10.0,4.0,2025-09-11,13,16,4.0,4.0,3,884
401,93,12.0,,,2025-09-11,11,12,1.0,,1,314
402,24,5.0,10.0,3.0,2025-09-11,13,15,,,2,1143
403,54,6.0,,,2025-09-11,11,13,4.0,,2,355
404,31,,10.0,7.0,2025-09-11,19,21,,,2,506
405,7,6.0,9.0,,2025-09-11,20,22,,,2,605
406,40,,10.0,4.0,2025-09-11,13,16,,5.0,3,506
407,29,13.0,9.0,,2025-09-11,19,21,,3.0,2,628
408,77,12.0,,3.0,2025-09-11,14,16,1.0,,2,314
409,40,16.0,,4.0,2025-09-11,18,19,,,1,384
410,76,,10.0,7.0,2025-09-11,10,12,,,2,506
411,76,5.0,9.0,,2025-09-11,15,16,,,1,887
412,11,20.0,9.0,7.0,2025-09-11,19,20,1.0,,1,1002
413,59,4.0,10.0,2.0,2025-09-11,15,18,2.0,,3,790
414,28,3.0,,,2025-09-11,19,22,,,3,616
415,30,13.0,10.0,7.0,2025-09-11,19,20,,,1,884
416,25,,9.0,4.0,2025-09-11,13,14,,,1,250
417,46,,9.0,,2025-09-11,19,20,,,1,250
418,66,10.0,,7.0,2025-09-11,20,22,,,2,302
419,8,16.0,,,2025-09-11,12,13,,,1,384
420,93,17.0,,3.0,2025-09-11,9,10,,,1,752
421,35,,9.0,7.0,2025-09-11,16,18,,4.0,2,250
422,18,,7.0,4.0,2025-09-12,20,22,,,2,435
423,94,15.0,,7.0,2025-09-12,19,22,,,3,739
424,73,3.0,,,2025-09-12,16,19,3.0,,3,616
425,73,6.0,7.0,2.0,2025-09-12,19,20,,,1,790
426,53,,7.0,,2025-09-12,20,22,,,2,435
427,18,15.0,,7.0,2025-09-12,19,22,5.0,,3,739
428,10,7.0,,7.0,2025-09-12,14,16,,,2,411
429,16,7.0,8.0,,2025-09-12,11,14,,4.0,3,780
430,18,5.0,,,2025-09-12,19,20,3.0,,1,637
431,21,10.0,,4.0,2025-09-12,20,22,,,2,302
432,85,19.0,,7.0,2025-09-12,12,15,,,3,711
433,55,6.0,,4.0,2025-09-12,20,22,,,2,355
434,79,20.0,,,2025-09-12,18,21,5.0,,3,752
435,64,6.0,7.0,2.0,2025-09-12,19,20,5.0,,1,790
436,16,14.0,8.0,4.0,2025-09-12,9,10,,,1,1010
437,35,,8.0,7.0,2025-09-12,14,16,,,2,369
438,54,7.0,,,2025-09-12,11,13,,,2,411
439,91,7.0,7.0,,2025-09-12,15,16,,,1,846
440,8,3.0,,2.0,2025-09-12,20,22,,,2,616
441,31,,7.0,7.0,2025-09-12,19,20,,3.0,1,435
442,100,3.0,7.0,7.0,2025-09-12,9,11,1.0,,2,1051
443,73,10.0,7.0,,2025-09-12,19,22,,,3,737
444,61,2.0,8.0,4.0,2025-09-12,15,18,5.0,,3,964
445,10,7.0,7.0,4.0,2025-09-12,13,14,,,1,846
446,29,,8.0,4.0,2025-09-12,20,22,,4.0,2,369
447,90,7.0,7.0,7.0,2025-09-12,12,14,,,2,846
448,92,,8.0,7.0,2025-09-12,14,17,,1.0,3,369
449,15,18.0,7.0,7.0,2025-09-12,18,20,,,2,783
450,83,8.0,,7.0,2025-09-12,12,14,2.0,,2,520
451,95,18.0,,2.0,2025-09-12,14,15,,,1,348
452,75,11.0,7.0,,2025-09-12,13,16,3.0,5.0,3,1064
453,59,17.0,7.0,3.0,2025-09-12,11,14,5.0,,3,1187
454,87,5.0,,4.0,2025-09-12,18,19,3.0,,1,637
455,6,3.0,7.0,4.0,2025-09-12,20,22,,1.0,2,1051
456,95,13.0,,7.0,2025-09-12,10,13,,,3,378
457,59,2.0,7.0,3.0,2025-09-12,10,13,2.0,,3,1030
458,43,20.0,7.0,,2025-09-12,11,13,,3.0,2,1187
459,90,17.0,7.0,7.0,2025-09-12,12,15,2.0,,3,1187
460,100,2.0,7.0,,2025-09-12,11,12,,2.0,1,1030
461,48,11.0,,,2025-09-12,19,21,,,2,629
462,4,6.0,7.0,2.0,2025-09-12,19,20,1.0,,1,790
463,58,20.0,7.0,4.0,2025-09-12,9,10,3.0,,1,1187
464,63,16.0,,2.0,2025-09-12,18,19,,,1,384
465,5,8.0,7.0,3.0,2025-09-12,18,19,3.0,,1,955
466,43,12.0,7.0,,2025-09-12,10,11,5.0,,1,749
467,34,,7.0,4.0,2025-09-12,12,14,,1.0,2,435
468,1,3.0,,,2025-09-12,15,17,,,2,616
469,20,6.0,,,2025-09-12,18,20,,,2,355
470,38,18.0,8.0,,2025-09-12,18,19,5.0,1.0,1,717
471,40,13.0,2.0,7.0,2025-09-15,19,20,,4.0,1,598
472,24,11.0,,,2025-09-15,16,19,3.0,,3,629
473,59,5.0,2.0,,2025-09-15,10,13,,2.0,3,857
474,20,6.0,2.0,3.0,2025-09-15,12,15,,5.0,3,575
475,98,8.0,1.0,2.0,2025-09-15,20,22,4.0,,2,1068
476,60,,1.0,7.0,2025-09-15,13,15,,,2,548
477,98,,1.0,7.0,2025-09-15,17,20,,5.0,3,548
478,12,,1.0,,2025-09-15,20,22,,,2,548
479,51,,2.0,,2025-09-15,18,20,,,2,220
480,58,14.0,1.0,3.0,2025-09-15,19,22,,,3,1189
481,68,10.0,,3.0,2025-09-15,18,21,5.0,,3,302
482,62,,1.0,,2025-09-15,18,21,,,3,548
483,87,13.0,,4.0,2025-09-15,10,13,,,3,378
484,68,4.0,,3.0,2025-09-15,13,16,,,3,284
485,8,11.0,,4.0,2025-09-15,14,15,,,1,629
486,73,2.0,1.0,7.0,2025-09-15,9,10,,,1,1143
487,90,,1.0,,2025-09-15,18,19,,5.0,1,548
488,30,20.0,2.0,2.0,2025-09-15,19,21,,5.0,2,972
489,30,2.0,2.0,,2025-09-15,18,20,,4.0,2,815
490,62,,2.0,,2025-09-15,18,21,,,3,220
491,67,13.0,2.0,,2025-09-15,9,10,5.0,,1,598
492,43,15.0,2.0,2.0,2025-09-15,10,11,,,1,959
493,87,,1.0,,2025-09-15,12,14,,,2,548
494,68,5.0,,7.0,2025-09-15,18,19,,,1,637
495,35,,1.0,7.0,2025-09-15,11,12,,,1,548
496,19,,2.0,4.0,2025-09-15,9,11,,,2,220
497,79,12.0,,2.0,2025-09-15,18,19,,,1,314
498,96,18.0,,7.0,2025-09-15,18,19,,,1,348
499,43,12.0,2.0,7.0,2025-09-15,9,11,2.0,,2,534
500,45,7.0,,,2025-09-15,17,20,,,3,411
501,29,6.0,,3.0,2025-09-15,20,22,,,2,355
502,81,5.0,,3.0,2025-09-15,12,14,,,2,637
503,99,7.0,2.0,,2025-09-15,18,21,,3.0,3,631
504,56,,2.0,7.0,2025-09-15,12,13,,,1,220
505,59,9.0,1.0,4.0,2025-09-15,15,18,,,3,1093
506,23,18.0,,4.0,2025-09-15,12,15,1.0,,3,348
507,99,13.0,1.0,,2025-09-15,18,21,,,3,926
508,14,19.0,1.0,2.0,2025-09-15,18,20,,2.0,2,1259
509,29,10.0,,7.0,2025-09-15,20,22,1.0,,2,302
510,17,8.0,,2.0,2025-09-15,18,19,,,1,520
511,74,10.0,,,2025-09-15,11,14,2.0,,3,302
512,15,11.0,2.0,,2025-09-15,19,21,5.0,1.0,2,849
513,40,,1.0,4.0,2025-09-15,18,21,,,3,548
514,61,10.0,,,2025-09-15,11,14,,,3,302
515,41,15.0,2.0,,2025-09-15,19,20,,,1,959
516,7,20.0,1.0,,2025-09-15,20,22,2.0,,2,1300
517,95,18.0,,,2025-09-15,9,10,1.0,,1,348
518,42,10.0,4.0,,2025-09-16,12,15,3.0,,3,653
519,100,17.0,3.0,,2025-09-16,9,12,,5.0,3,1282
520,47,5.0,,4.0,2025-09-16,12,15,,,3,637
521,87,,4.0,,2025-09-16,15,18,,,3,351
522,45,20.0,,3.0,2025-09-16,18,21,5.0,,3,752
523,3,14.0,,,2025-09-16,10,12,,,2,641
524,81,5.0,,,2025-09-16,17,20,5.0,,3,637
525,75,6.0,,2.0,2025-09-16,13,16,5.0,,3,355
526,98,,4.0,7.0,2025-09-16,16,19,,1.0,3,351
527,79,5.0,3.0,2.0,2025-09-16,18,20,3.0,,2,1167
528,30,18.0,3.0,7.0,2025-09-16,18,20,,,2,878
529,89,15.0,,7.0,2025-09-16,18,19,,,1,739
530,70,,3.0,7.0,2025-09-16,18,21,,3.0,3,530
531,15,17.0,3.0,7.0,2025-09-16,9,10,,4.0,1,1282
532,95,7.0,,3.0,2025-09-16,13,14,,,1,411
533,89,8.0,,,2025-09-16,17,20,1.0,,3,520
534,95,17.0,,,2025-09-16,19,21,,,2,752
535,21,13.0,,4.0,2025-09-16,19,20,,,1,378
536,51,,3.0,7.0,2025-09-16,18,21,,,3,530
537,35,,3.0,4.0,2025-09-16,14,17,,,3,530
538,45,,4.0,,2025-09-16,20,22,,,2,351
539,73,14.0,4.0,,2025-09-16,18,20,5.0,,2,992
540,43,18.0,4.0,,2025-09-16,9,11,,,2,699
541,31,15.0,,4.0,2025-09-16,12,13,,,1,739
542,23,12.0,,2.0,2025-09-16,18,20,3.0,,2,314
543,9,,3.0,4.0,2025-09-16,12,14,,,2,530
544,97,1.0,,4.0,2025-09-16,20,21,,,1,523
545,7,3.0,3.0,,2025-09-16,9,10,1.0,,1,1146
546,12,,3.0,7.0,2025-09-16,9,10,,1.0,1,530
547,40,13.0,,4.0,2025-09-16,18,20,,,2,378
548,69,10.0,3.0,4.0,2025-09-16,9,10,3.0,5.0,1,832
549,22,19.0,5.0,3.0,2025-09-17,20,21,,4.0,1,1254
550,78,1.0,5.0,,2025-09-17,18,20,5.0,5.0,2,1066
551,3,17.0,,,2025-09-17,18,19,1.0,,1,752
552,56,,5.0,4.0,2025-09-17,20,22,,,2,543
553,43,10.0,5.0,2.0,2025-09-17,11,14,,,3,845
554,83,4.0,,4.0,2025-09-17,13,15,2.0,,2,284
555,92,4.0,,3.0,2025-09-17,19,20,,,1,284
556,58,8.0,,,2025-09-17,18,19,4.0,,1,520
557,92,7.0,6.0,7.0,2025-09-17,12,14,3.0,,2,887
558,40,,5.0,,2025-09-17,15,16,,,1,543
559,83,2.0,,,2025-09-17,17,20,,,3,595
560,97,2.0,,,2025-09-17,17,19,3.0,,2,595
561,94,,6.0,,2025-09-17,11,13,,,2,476
562,75,,5.0,7.0,2025-09-17,10,11,,,1,543
563,48,,6.0,,2025-09-17,20,22,,,2,476
564,79,11.0,6.0,4.0,2025-09-17,13,14,,5.0,1,1105
565,26,15.0,,,2025-09-17,18,20,,,2,739
566,80,17.0,,,2025-09-17,15,17,3.0,,2,752
567,77,13.0,,7.0,2025-09-17,15,17,5.0,,2,378
568,3,,6.0,,2025-09-17,15,16,,1.0,1,476
569,54,14.0,,4.0,2025-09-17,10,12,4.0,,2,641
570,26,1.0,,,2025-09-17,16,19,3.0,,3,523
571,25,5.0,,7.0,2025-09-17,18,19,2.0,,1,637
572,28,,6.0,7.0,2025-09-17,20,22,,3.0,2,476
573,31,16.0,,6.0,2025-09-17,14,15,,,1,384
574,32,6.0,6.0,1.0,2025-09-17,13,16,3.0,,3,831
575,21,15.0,,6.0,2025-09-17,19,22,,,3,739
576,5,3.0,5.0,7.0,2025-09-17,20,21,,,1,1159
577,81,19.0,,,2025-09-17,19,22,,,3,711
578,15,6.0,6.0,2.0,2025-09-17,19,22,3.0,,3,831
579,39,1.0,,,2025-09-17,18,21,,,3,523
580,59,8.0,6.0,2.0,2025-09-17,15,18,5.0,,3,996
581,33,17.0,5.0,4.0,2025-09-17,13,15,,2.0,2,1295
582,93,14.0,,2.0,2025-09-17,10,13,4.0,,3,641
583,100,7.0,6.0,7.0,2025-09-17,10,11,,1.0,1,887
584,60,9.0,,2.0,2025-09-17,12,15,,,3,545
585,59,7.0,5.0,7.0,2025-09-17,9,10,2.0,4.0,1,954
586,76,,5.0,7.0,2025-09-17,10,13,,2.0,3,543
587,81,12.0,,,2025-09-17,18,21,,,3,314
588,88,,5.0,7.0,2025-09-17,20,21,,,1,543
589,10,1.0,,2.0,2025-09-17,12,13,,,1,523
590,16,11.0,6.0,,2025-09-17,15,18,3.0,,3,1105
591,44,,5.0,,2025-09-17,18,19,,,1,543
592,3,12.0,5.0,7.0,2025-09-17,19,22,3.0,,3,857
593,91,16.0,6.0,4.0,2025-09-17,15,17,1.0,,2,860
594,1,20.0,,7.0,2025-09-17,9,11,,,2,752
595,28,1.0,,,2025-09-17,20,22,1.0,,2,523
596,2,,5.0,4.0,2025-09-17,20,21,,,1,543
597,2,,6.0,4.0,2025-09-17,18,19,,,1,476
598,52,9.0,,7.0,2025-09-17,15,18,,,3,545
599,16,2.0,6.0,,2025-09-17,10,12,1.0,3.0,2,1071
600,67,17.0,6.0,7.0,2025-09-17,18,19,4.0,1.0,1,1228
601,84,15.0,10.0,7.0,2025-09-18,18,20,3.0,,2,1245
602,61,,9.0,7.0,2025-09-18,11,12,,,1,250
603,99,13.0,10.0,4.0,2025-09-18,18,19,4.0,1.0,1,884
604,13,14.0,,2.0,2025-09-18,18,20,,,2,641
605,15,4.0,9.0,2.0,2025-09-18,18,20,,3.0,2,534
606,89,2.0,,,2025-09-18,20,21,2.0,,1,595
607,21,,10.0,7.0,2025-09-18,20,21,,,1,506
608,99,,10.0,,2025-09-18,13,14,,,1,506
609,77,19.0,,7.0,2025-09-18,11,12,,,1,711
610,95,5.0,,3.0,2025-09-18,20,22,,,2,637
611,79,,9.0,,2025-09-18,19,20,,,1,250
612,36,11.0,,2.0,2025-09-18,12,14,,,2,629
613,11,9.0,9.0,,2025-09-18,19,20,4.0,1.0,1,795
614,2,,9.0,7.0,2025-09-18,16,17,,,1,250
615,45,11.0,,3.0,2025-09-18,17,20,4.0,,3,629
616,86,16.0,,6.0,2025-09-18,18,21,,,3,384
617,46,9.0,,,2025-09-18,11,14,2.0,,3,545
618,98,7.0,9.0,,2025-09-18,18,21,4.0,,3,661
619,63,8.0,,,2025-09-18,13,14,,,1,520
620,81,18.0,,,2025-09-18,19,20,,,1,348
621,92,10.0,10.0,,2025-09-18,13,14,,5.0,1,808
622,13,8.0,,7.0,2025-09-18,20,22,2.0,,2,520
623,84,6.0,10.0,,2025-09-18,19,20,,5.0,1,861
624,92,,10.0,7.0,2025-09-18,12,15,,2.0,3,506
625,55,,9.0,7.0,2025-09-18,19,21,,,2,250
626,44,,10.0,7.0,2025-09-18,18,20,,,2,506
627,55,16.0,,2.0,2025-09-18,20,22,1.0,,2,384
628,42,,9.0,,2025-09-18,17,19,,,2,250
629,72,20.0,9.0,4.0,2025-09-18,19,22,,,3,1002
630,5,13.0,10.0,,2025-09-18,18,20,2.0,5.0,2,884
631,41,19.0,9.0,7.0,2025-09-18,20,22,,,2,961
632,8,9.0,,3.0,2025-09-18,9,12,1.0,,3,545
633,70,,10.0,4.0,2025-09-18,19,22,,,3,506
634,49,7.0,,7.0,2025-09-18,19,21,,,2,411
635,57,12.0,,,2025-09-18,9,12,4.0,,3,314
636,80,12.0,9.0,,2025-09-18,9,10,1.0,,1,564
637,100,9.0,10.0,2.0,2025-09-18,11,14,5.0,1.0,3,1051
638,88,11.0,,,2025-09-18,19,20,,,1,629
639,23,15.0,,3.0,2025-09-18,19,21,,,2,739
640,50,1.0,9.0,2.0,2025-09-18,18,21,,,3,773
641,31,,10.0,4.0,2025-09-18,18,19,,,1,506
642,68,5.0,,,2025-09-18,12,13,,,1,637
643,17,16.0,,2.0,2025-09-18,13,16,4.0,,3,384
644,83,,10.0,7.0,2025-09-18,18,19,,,1,506
645,7,1.0,9.0,7.0,2025-09-18,18,19,,,1,773
646,2,,10.0,4.0,2025-09-18,19,22,,5.0,3,506
647,33,4.0,,,2025-09-19,12,13,4.0,,1,284
648,78,10.0,7.0,7.0,2025-09-19,19,22,,5.0,3,737
649,8,1.0,,,2025-09-19,19,21,,,2,523
650,14,7.0,8.0,4.0,2025-09-19,20,22,,3.0,2,780
651,95,19.0,,2.0,2025-09-19,13,15,,,2,711
652,82,18.0,,7.0,2025-09-19,13,14,4.0,,1,348
653,62,2.0,,,2025-09-19,12,15,1.0,,3,595
654,68,12.0,,2.0,2025-09-19,13,14,,,1,314
655,68,9.0,,3.0,2025-09-19,13,14,1.0,,1,545
656,85,16.0,,,2025-09-19,19,20,,,1,384
657,30,7.0,8.0,,2025-09-19,20,22,1.0,,2,780
658,96,2.0,8.0,,2025-09-19,18,21,5.0,2.0,3,964
659,96,19.0,8.0,7.0,2025-09-19,19,21,,,2,1080
660,74,6.0,,,2025-09-19,20,21,,,1,355
661,41,18.0,8.0,,2025-09-19,19,21,,3.0,2,717
662,54,4.0,,,2025-09-19,18,21,3.0,,3,284
663,66,,8.0,,2025-09-19,19,22,,,3,369
664,73,13.0,7.0,7.0,2025-09-19,19,20,,4.0,1,813
665,99,2.0,8.0,3.0,2025-09-19,9,10,,,1,964
666,20,,8.0,7.0,2025-09-19,12,13,,4.0,1,369
667,18,,7.0,,2025-09-19,19,21,,,2,435
668,7,18.0,7.0,3.0,2025-09-19,9,10,4.0,,1,783
669,63,15.0,,3.0,2025-09-19,18,21,,,3,739
670,82,6.0,,,2025-09-19,13,14,4.0,,1,355
671,91,18.0,7.0,7.0,2025-09-19,11,14,4.0,1.0,3,783
672,8,10.0,,3.0,2025-09-19,19,21,,,2,302
673,91,4.0,8.0,3.0,2025-09-19,10,11,3.0,2.0,1,653
674,51,,8.0,,2025-09-19,20,22,,,2,369
675,84,9.0,7.0,6.0,2025-09-19,9,10,,2.0,1,980
676,57,10.0,8.0,7.0,2025-09-19,9,10,4.0,3.0,1,671
677,88,6.0,7.0,,2025-09-19,19,22,,3.0,3,790
678,21,,7.0,4.0,2025-09-19,20,22,,4.0,2,435
679,44,,7.0,,2025-09-19,11,12,,,1,435
680,62,10.0,8.0,7.0,2025-09-19,12,14,,2.0,2,671
681,81,1.0,,,2025-09-19,13,14,3.0,,1,523
682,100,3.0,7.0,,2025-09-19,9,12,,,3,1051
683,81,2.0,,,2025-09-19,9,10,1.0,,1,595
684,24,17.0,,7.0,2025-09-19,12,15,,,3,752
685,84,9.0,8.0,,2025-09-19,20,22,,,2,914
686,49,,7.0,,2025-09-19,14,15,,5.0,1,435
687,36,1.0,,,2025-09-19,15,17,,,2,523
688,97,18.0,,7.0,2025-09-19,20,21,,,1,348
689,90,,7.0,,2025-09-19,18,21,,,3,435
690,77,1.0,,4.0,2025-09-19,14,15,1.0,,1,523
691,26,20.0,,2.0,2025-09-19,17,20,,,3,752
692,17,4.0,8.0,,2025-09-19,19,20,,,1,653
693,89,12.0,,7.0,2025-09-19,16,19,,,3,314
694,72,13.0,8.0,,2025-09-19,20,22,1.0,,2,747
695,75,,7.0,,2025-09-19,9,10,,,1,435
696,39,5.0,8.0,,2025-09-19,13,16,1.0,,3,1006
697,23,,8.0,7.0,2025-09-19,19,22,,1.0,3,369
698,32,6.0,,,2025-09-19,10,12,,,2,355
699,3,20.0,8.0,,2025-09-19,10,12,3.0,2.0,2,1121
700,53,,7.0,4.0,2025-09-19,20,21,,,1,435
701,92,12.0,,2.0,2025-09-19,18,21,3.0,,3,314
702,94,,8.0,4.0,2025-09-19,19,20,,,1,369
703,63,1.0,,2.0,2025-09-19,12,15,3.0,,3,523
704,79,19.0,,,2025-09-19,12,15,,,3,711
705,62,,7.0,4.0,2025-09-19,18,19,,,1,435
706,77,3.0,,2.0,2025-09-22,16,18,5.0,,2,616
707,34,,1.0,7.0,2025-09-22,14,17,,2.0,3,548
708,53,,2.0,,2025-09-22,13,15,,2.0,2,220
709,66,,1.0,7.0,2025-09-22,20,22,,,2,548
710,71,1.0,,3.0,2025-09-22,14,16,1.0,,2,523
711,52,14.0,,,2025-09-22,11,14,,,3,641
712,40,18.0,2.0,7.0,2025-09-22,13,16,3.0,1.0,3,568
713,63,20.0,,2.0,2025-09-22,13,15,,,2,752
714,47,18.0,1.0,7.0,2025-09-22,12,13,5.0,,1,896
715,10,16.0,,3.0,2025-09-22,18,19,5.0,,1,384
716,8,7.0,,3.0,2025-09-22,13,15,,,2,411
717,100,17.0,2.0,3.0,2025-09-22,9,10,2.0,,1,972
718,85,,2.0,,2025-09-22,18,21,,,3,220
719,83,5.0,,,2025-09-22,19,22,,,3,637
720,28,5.0,,,2025-09-22,9,12,3.0,,3,637
721,8,2.0,,,2025-09-22,9,12,1.0,,3,595
722,72,5.0,1.0,4.0,2025-09-22,9,10,,2.0,1,1185
723,17,13.0,,4.0,2025-09-22,13,16,3.0,,3,378
724,95,7.0,,7.0,2025-09-22,20,22,,,2,411
725,17,18.0,1.0,7.0,2025-09-22,19,22,5.0,1.0,3,896
726,17,,2.0,,2025-09-22,19,21,,2.0,2,220
727,39,12.0,,7.0,2025-09-22,18,20,,,2,314
728,42,,2.0,4.0,2025-09-22,13,15,,,2,220
729,18,12.0,,2.0,2025-09-22,20,21,,,1,314
730,81,7.0,,7.0,2025-09-22,14,16,,,2,411
731,18,,2.0,4.0,2025-09-22,20,21,,,1,220
732,76,,1.0,7.0,2025-09-22,11,14,,,3,548
733,14,5.0,1.0,7.0,2025-09-22,20,22,,4.0,2,1185
734,7,1.0,1.0,,2025-09-22,19,20,,,1,1071
735,96,5.0,,3.0,2025-09-22,12,13,,,1,637
736,12,,2.0,7.0,2025-09-22,16,17,,,1,220
737,22,,1.0,,2025-09-22,14,17,,,3,548
738,28,,2.0,7.0,2025-09-22,19,20,,,1,220
739,54,5.0,,7.0,2025-09-22,11,12,4.0,,1,637
740,2,,2.0,,2025-09-22,18,21,,,3,220
741,51,,2.0,,2025-09-22,18,19,,,1,220
742,3,2.0,2.0,7.0,2025-09-22,12,15,3.0,,3,815
743,89,16.0,,,2025-09-22,18,20,,,2,384
744,71,6.0,,4.0,2025-09-22,18,21,,,3,355
745,85,17.0,,,2025-09-22,18,20,,,2,752
746,63,14.0,,,2025-09-22,13,14,2.0,,1,641
747,42,15.0,,2.0,2025-09-22,19,20,4.0,,1,739
748,97,8.0,,4.0,2025-09-22,20,22,,,2,520
749,5,19.0,2.0,6.0,2025-09-22,20,22,,,2,931
750,82,,2.0,,2025-09-22,12,14,,1.0,2,220
751,25,17.0,2.0,2.0,2025-09-22,12,14,,1.0,2,972
752,95,18.0,,3.0,2025-09-22,9,11,,,2,348
753,57,18.0,2.0,,2025-09-22,18,21,4.0,3.0,3,568
754,17,4.0,,2.0,2025-09-22,18,19,,,1,284
755,19,,2.0,7.0,2025-09-22,11,13,,4.0,2,220
756,18,2.0,,,2025-09-22,19,22,,,3,595
757,87,9.0,,,2025-09-22,14,16,5.0,,2,545
758,75,14.0,2.0,7.0,2025-09-22,19,20,4.0,,1,861
759,59,18.0,1.0,7.0,2025-09-22,15,17,4.0,,2,896
760,19,5.0,,7.0,2025-09-22,9,12,4.0,,3,637
761,38,6.0,2.0,2.0,2025-09-22,19,20,,,1,575
762,87,,4.0,4.0,2025-09-23,14,17,,5.0,3,351
763,63,7.0,,2.0,2025-09-23,13,16,,,3,411
764,45,10.0,,,2025-09-23,19,22,,,3,302
765,43,12.0,3.0,4.0,2025-09-23,11,13,,,2,844
766,1,15.0,4.0,2.0,2025-09-23,10,13,,3.0,3,1090
767,95,6.0,,6.0,2025-09-23,9,11,4.0,,2,355
768,66,11.0,,,2025-09-23,19,22,,,3,629
769,83,,4.0,4.0,2025-09-23,13,16,,,3,351
770,83,18.0,3.0,3.0,2025-09-23,12,13,1.0,4.0,1,878
771,18,,3.0,,2025-09-23,13,14,,,1,530
772,65,12.0,3.0,,2025-09-23,12,15,,,3,844
773,28,,4.0,7.0,2025-09-23,19,20,,,1,351
774,28,1.0,,3.0,2025-09-23,19,21,,,2,523
775,3,,3.0,6.0,2025-09-23,17,19,,,2,530
776,88,8.0,,2.0,2025-09-23,19,22,,,3,520
777,9,4.0,,4.0,2025-09-23,12,14,,,2,284
778,89,4.0,,7.0,2025-09-23,10,13,,,3,284
779,73,7.0,4.0,3.0,2025-09-23,18,19,,,1,762
780,92,,3.0,4.0,2025-09-23,18,19,,3.0,1,530
781,54,4.0,,,2025-09-23,11,12,,,1,284
782,54,1.0,,4.0,2025-09-23,10,12,,,2,523
783,74,9.0,,,2025-09-23,19,20,5.0,,1,545
784,29,4.0,,,2025-09-23,20,21,1.0,,1,284
785,2,,4.0,7.0,2025-09-23,20,22,,5.0,2,351
786,44,,3.0,,2025-09-23,18,21,,,3,530
787,96,,4.0,7.0,2025-09-23,19,21,,,2,351
788,94,,3.0,7.0,2025-09-23,19,20,,,1,530
789,72,19.0,4.0,7.0,2025-09-23,19,22,,,3,1062
790,95,8.0,,4.0,2025-09-23,10,13,,,3,520
791,30,10.0,3.0,3.0,2025-09-23,9,10,,1.0,1,832
792,56,,4.0,4.0,2025-09-23,13,15,,,2,351
793,55,12.0,,,2025-09-23,19,22,1.0,,3,314
794,65,12.0,,,2025-09-23,12,14,1.0,,2,314
795,63,4.0,,,2025-09-23,14,16,,,2,284
796,95,19.0,,7.0,2025-09-23,19,20,,,1,711
797,16,18.0,3.0,4.0,2025-09-23,10,12,2.0,,2,878
798,54,20.0,,4.0,2025-09-23,9,10,,,1,752
799,72,10.0,3.0,6.0,2025-09-23,19,21,,,2,832
800,10,,4.0,,2025-09-23,14,17,,3.0,3,351
801,46,17.0,3.0,2.0,2025-09-23,13,14,,,1,1282
802,10,,3.0,,2025-09-23,19,21,,,2,530
803,31,,4.0,4.0,2025-09-23,18,21,,,3,351
804,94,,4.0,,2025-09-23,20,22,,,2,351
805,14,8.0,4.0,,2025-09-23,18,20,,,2,871
806,26,5.0,,,2025-09-23,12,13,4.0,,1,637
807,22,14.0,4.0,2.0,2025-09-23,9,10,,5.0,1,992
808,63,3.0,,,2025-09-23,14,16,,,2,616
809,90,11.0,3.0,7.0,2025-09-23,13,16,,1.0,3,1159
810,69,1.0,3.0,,2025-09-23,9,10,,,1,1053
811,96,14.0,,2.0,2025-09-23,19,21,,,2,641
812,32,9.0,4.0,,2025-09-23,13,14,5.0,4.0,1,896
813,36,3.0,,3.0,2025-09-23,17,18,2.0,,1,616
814,54,13.0,,,2025-09-23,15,17,,,2,378
815,96,9.0,3.0,3.0,2025-09-23,18,21,,3.0,3,1075
816,40,18.0,5.0,7.0,2025-09-24,13,16,,,3,891
817,71,,5.0,,2025-09-24,20,21,,,1,543
818,1,12.0,,,2025-09-24,15,18,5.0,,3,314
819,48,17.0,,,2025-09-24,15,16,3.0,,1,752
820,85,7.0,,,2025-09-24,12,15,,,3,411
821,10,1.0,,2.0,2025-09-24,12,13,,,1,523
822,79,11.0,5.0,,2025-09-24,14,15,2.0,,1,1172
823,42,6.0,,,2025-09-24,18,20,,,2,355
824,58,13.0,6.0,2.0,2025-09-24,9,10,,,1,854
825,20,12.0,,,2025-09-24,13,16,3.0,,3,314
826,8,8.0,,4.0,2025-09-24,11,13,,,2,520
827,57,3.0,5.0,3.0,2025-09-24,9,10,5.0,1.0,1,1159
828,87,,5.0,,2025-09-24,19,21,,,2,543
829,92,,5.0,,2025-09-24,13,15,,,2,543
830,16,15.0,6.0,7.0,2025-09-24,11,14,1.0,,3,1215
831,2,,5.0,7.0,2025-09-24,17,19,,3.0,2,543
832,7,16.0,5.0,3.0,2025-09-24,9,10,,,1,927
833,6,6.0,5.0,7.0,2025-09-24,20,22,,,2,898
834,35,,6.0,4.0,2025-09-24,15,17,,3.0,2,476
835,34,,6.0,,2025-09-24,13,16,,1.0,3,476
836,93,12.0,,4.0,2025-09-24,15,17,,,2,314
837,20,11.0,,,2025-09-24,12,13,,,1,629
838,61,13.0,,4.0,2025-09-24,11,13,,,2,378
839,85,8.0,6.0,4.0,2025-09-24,13,15,4.0,,2,996
840,83,11.0,,,2025-09-24,19,20,,,1,629
841,37,3.0,5.0,,2025-09-24,17,19,4.0,5.0,2,1159
842,1,,6.0,,2025-09-24,10,11,,,1,476
843,69,10.0,6.0,3.0,2025-09-24,18,19,,,1,778
844,79,2.0,,2.0,2025-09-24,12,15,,,3,595
845,96,20.0,,7.0,2025-09-24,19,21,4.0,,2,752
846,100,20.0,6.0,4.0,2025-09-24,11,14,,,3,1228
847,71,15.0,,2.0,2025-09-24,14,15,2.0,,1,739
848,25,14.0,,4.0,2025-09-24,12,14,,,2,641
849,92,10.0,,,2025-09-24,12,15,5.0,,3,302
850,51,,5.0,4.0,2025-09-24,17,18,,,1,543
851,34,,5.0,,2025-09-24,9,11,,,2,543
852,22,7.0,6.0,,2025-09-24,9,10,,,1,887
853,41,4.0,6.0,4.0,2025-09-24,18,21,,5.0,3,760
854,10,,5.0,4.0,2025-09-24,18,19,,5.0,1,543
855,62,14.0,,3.0,2025-09-24,18,20,,,2,641
856,24,19.0,,4.0,2025-09-24,19,20,,,1,711
857,28,5.0,,,2025-09-25,18,21,,,3,637
858,10,3.0,,7.0,2025-09-25,19,20,,,1,616
859,25,2.0,10.0,3.0,2025-09-25,12,15,1.0,,3,1101
860,53,,9.0,,2025-09-25,15,16,,,1,250
861,46,9.0,9.0,7.0,2025-09-25,13,15,,,2,795
862,90,,10.0,,2025-09-25,18,21,,2.0,3,506
863,22,20.0,10.0,2.0,2025-09-25,18,19,,5.0,1,1258
864,72,19.0,9.0,2.0,2025-09-25,18,21,,,3,961
865,54,3.0,,2.0,2025-09-25,15,16,,,1,616
866,57,3.0,10.0,,2025-09-25,9,11,4.0,3.0,2,1122
867,77,19.0,,,2025-09-25,19,22,1.0,,3,711
868,37,19.0,,7.0,2025-09-25,19,20,,,1,711
869,89,20.0,,4.0,2025-09-25,17,18,4.0,,1,752
870,95,9.0,,,2025-09-25,10,13,2.0,,3,545
871,100,15.0,10.0,2.0,2025-09-25,10,12,,,2,1245
872,91,3.0,9.0,3.0,2025-09-25,9,10,,,1,866
873,12,,10.0,7.0,2025-09-25,17,18,,,1,506
874,73,7.0,10.0,2.0,2025-09-25,9,10,3.0,,1,917
875,56,,9.0,,2025-09-25,19,22,,,3,250
876,51,,9.0,6.0,2025-09-25,17,20,,,3,250
877,48,,10.0,4.0,2025-09-25,20,22,,,2,506
878,10,17.0,,7.0,2025-09-25,18,19,1.0,,1,752
879,91,16.0,9.0,7.0,2025-09-25,10,13,,,3,634
880,69,11.0,10.0,2.0,2025-09-25,18,20,,,2,1135
881,37,5.0,,4.0,2025-09-25,17,19,,,2,637
882,6,6.0,9.0,4.0,2025-09-25,20,21,,,1,605
883,78,7.0,9.0,7.0,2025-09-25,19,22,,,3,661
884,71,13.0,,7.0,2025-09-25,18,20,1.0,,2,378
885,96,10.0,,,2025-09-25,12,14,,,2,302
886,1,18.0,,,2025-09-25,9,10,,,1,348
887,96,20.0,,3.0,2025-09-25,18,20,,,2,752
888,40,2.0,,,2025-09-25,18,21,,,3,595
889,44,,9.0,7.0,2025-09-25,20,22,,,2,250
890,16,7.0,9.0,7.0,2025-09-25,11,14,,,3,661
891,51,,10.0,4.0,2025-09-25,20,21,,,1,506
892,18,6.0,,,2025-09-25,20,22,,,2,355
893,73,5.0,9.0,2.0,2025-09-25,20,22,2.0,,2,887
894,72,15.0,9.0,,2025-09-25,18,20,,2.0,2,989
895,16,20.0,9.0,,2025-09-25,10,13,1.0,,3,1002
896,83,15.0,,,2025-09-25,13,14,2.0,,1,739
897,15,19.0,9.0,3.0,2025-09-25,20,22,,3.0,2,961
898,29,,10.0,,2025-09-25,20,22,,,2,506
899,2,,10.0,4.0,2025-09-25,17,19,,2.0,2,506
900,93,14.0,,3.0,2025-09-26,9,11,,,2,641
901,100,9.0,8.0,7.0,2025-09-26,9,10,1.0,,1,914
902,70,,7.0,4.0,2025-09-26,9,11,,,2,435
903,27,17.0,8.0,,2025-09-26,20,21,,,1,1121
904,52,16.0,,7.0,2025-09-26,9,12,,,3,384
905,29,8.0,,4.0,2025-09-26,20,22,3.0,,2,520
906,48,9.0,,4.0,2025-09-26,19,20,,,1,545
907,18,1.0,8.0,4.0,2025-09-26,20,22,5.0,,2,892
908,3,,8.0,4.0,2025-09-26,12,13,,1.0,1,369
909,4,4.0,,7.0,2025-09-26,20,22,,,2,284
910,48,7.0,,,2025-09-26,19,22,,,3,411
911,77,4.0,,,2025-09-26,17,20,1.0,,3,284
912,54,16.0,,,2025-09-26,15,16,,,1,384
913,94,7.0,7.0,,2025-09-26,19,21,1.0,2.0,2,846
914,82,13.0,,2.0,2025-09-26,14,17,,,3,378
915,38,16.0,7.0,2.0,2025-09-26,18,20,2.0,,2,819
916,11,14.0,8.0,4.0,2025-09-26,20,22,,3.0,2,1010
917,69,14.0,8.0,3.0,2025-09-26,9,10,,2.0,1,1010
918,20,2.0,,2.0,2025-09-26,13,16,4.0,,3,595
919,5,13.0,8.0,3.0,2025-09-26,18,20,5.0,,2,747
920,44,,7.0,7.0,2025-09-26,13,14,,,1,435
921,41,20.0,8.0,4.0,2025-09-26,17,20,2.0,,3,1121
922,26,10.0,,4.0,2025-09-26,11,13,,,2,302
923,29,15.0,,,2025-09-26,19,22,5.0,,3,739
924,24,16.0,,7.0,2025-09-26,19,21,5.0,,2,384
925,40,4.0,,7.0,2025-09-26,13,16,,,3,284
926,87,16.0,,4.0,2025-09-26,11,12,,,1,384
927,19,15.0,,7.0,2025-09-26,10,12,,,2,739
928,94,10.0,,4.0,2025-09-26,20,21,,,1,302
929,34,,8.0,,2025-09-26,19,20,,,1,369
930,71,10.0,,2.0,2025-09-26,15,18,,,3,302
931,9,,8.0,,2025-09-26,16,18,,,2,369
932,100,1.0,8.0,7.0,2025-09-26,11,14,,1.0,3,892
933,88,,7.0,,2025-09-26,20,22,,,2,435
934,38,15.0,7.0,2.0,2025-09-26,19,20,,,1,1174
935,26,13.0,,,2025-09-26,9,12,3.0,,3,378
936,67,5.0,8.0,2.0,2025-09-26,19,20,,3.0,1,1006
937,4,17.0,,4.0,2025-09-26,19,20,,,1,752
938,42,7.0,,,2025-09-26,14,15,3.0,,1,411
939,54,12.0,,2.0,2025-09-29,10,13,,,3,314
940,28,5.0,1.0,,2025-09-29,19,22,1.0,,3,1185
941,18,3.0,,,2025-09-29,12,13,4.0,,1,616
942,79,16.0,,,2025-09-29,15,16,5.0,,1,384
943,89,20.0,,,2025-09-29,18,20,3.0,,2,752
944,38,16.0,,,2025-09-29,14,17,,,3,384
945,34,,1.0,,2025-09-29,17,19,,,2,548
946,68,,2.0,,2025-09-29,15,18,,,3,220
947,27,11.0,,,2025-09-29,12,14,5.0,,2,629
948,97,4.0,,,2025-09-29,10,12,5.0,,2,284
949,44,,1.0,,2025-09-29,9,12,,,3,548
950,13,2.0,,4.0,2025-09-29,10,12,,,2,595
951,51,,2.0,,2025-09-29,16,18,,5.0,2,220
952,42,10.0,1.0,,2025-09-29,14,15,,,1,850
953,95,12.0,,,2025-09-29,10,11,5.0,,1,314
954,73,18.0,2.0,2.0,2025-09-29,9,11,,,2,568
955,72,18.0,2.0,7.0,2025-09-29,9,10,,,1,568
956,16,13.0,2.0,2.0,2025-09-29,11,14,,,3,598
957,97,,2.0,7.0,2025-09-29,20,22,,5.0,2,220
958,9,3.0,,,2025-09-29,14,16,,,2,616
959,88,14.0,,4.0,2025-09-29,20,21,1.0,,1,641
960,88,20.0,,6.0,2025-09-29,20,22,,,2,752
961,24,,1.0,7.0,2025-09-29,13,15,,,2,548
962,76,,1.0,,2025-09-29,15,17,,3.0,2,548
963,84,10.0,1.0,7.0,2025-09-29,19,21,,,2,850
964,6,16.0,1.0,3.0,2025-09-29,17,20,,,3,932
965,11,10.0,2.0,3.0,2025-09-29,9,10,4.0,,1,522
966,70,,1.0,4.0,2025-09-29,16,17,,3.0,1,548
967,58,16.0,1.0,3.0,2025-09-29,19,20,2.0,4.0,1,932
968,46,,1.0,7.0,2025-09-29,10,11,,,1,548
969,4,,1.0,,2025-09-29,19,20,,,1,548
970,95,16.0,,7.0,2025-09-29,15,16,2.0,,1,384
971,23,1.0,,,2025-09-29,18,20,,,2,523
972,88,,1.0,,2025-09-29,19,22,,,3,548
973,77,6.0,,4.0,2025-09-29,14,16,,,2,355
974,20,8.0,1.0,,2025-09-29,13,14,,,1,1068
975,86,13.0,2.0,3.0,2025-09-29,18,19,,,1,598
976,13,10.0,,7.0,2025-09-29,13,16,3.0,,3,302
977,71,11.0,,7.0,2025-09-29,20,21,,,1,629
978,81,3.0,,3.0,2025-09-29,13,15,4.0,,2,616
979,28,,2.0,,2025-09-29,20,22,,,2,220
980,14,16.0,2.0,3.0,2025-09-29,9,10,,,1,604
981,32,1.0,2.0,3.0,2025-09-29,12,14,,,2,743
982,37,2.0,,3.0,2025-09-29,16,17,,,1,595
983,89,15.0,,7.0,2025-09-29,14,17,,,3,739
984,97,6.0,,,2025-09-29,19,20,,,1,355
985,55,2.0,,7.0,2025-09-29,19,20,,,1,595
986,31,19.0,,,2025-09-29,18,20,,,2,711
987,89,16.0,,3.0,2025-09-29,13,16,,,3,384
988,96,13.0,1.0,3.0,2025-09-29,13,14,1.0,,1,926
989,83,,1.0,4.0,2025-09-29,13,15,,3.0,2,548
990,76,,2.0,,2025-09-29,10,13,,4.0,3,220
991,94,17.0,,7.0,2025-09-29,20,21,1.0,,1,752
992,1,4.0,2.0,,2025-09-29,15,18,,1.0,3,504
993,88,9.0,,7.0,2025-09-29,19,22,,,3,545
994,97,5.0,1.0,,2025-09-29,20,22,4.0,,2,1185
995,37,,4.0,,2025-09-30,18,21,,,3,351
996,34,,3.0,7.0,2025-09-30,15,17,,1.0,2,530
997,25,,4.0,,2025-09-30,12,14,,5.0,2,351
998,66,,4.0,4.0,2025-09-30,20,21,,,1,351
999,20,,3.0,7.0,2025-09-30,13,14,,2.0,1,530
1000,60,11.0,,,2025-09-30,13,15,1.0,,2,629
1001,71,15.0,,4.0,2025-09-30,9,12,,,3,739
1002,59,7.0,4.0,2.0,2025-09-30,9,11,5.0,,2,762
1003,82,,4.0,4.0,2025-09-30,12,14,,,2,351
1004,41,13.0,4.0,3.0,2025-09-30,17,19,4.0,2.0,2,729
1005,5,20.0,4.0,2.0,2025-09-30,18,20,1.0,,2,1103
1006,1,,3.0,4.0,2025-09-30,15,16,,,1,530
1007,83,11.0,,,2025-09-30,19,20,,,1,629
1008,11,3.0,3.0,4.0,2025-09-30,9,10,,3.0,1,1146
1009,81,3.0,,2.0,2025-09-30,11,12,,,1,616
1010,45,16.0,,2.0,2025-09-30,18,20,4.0,,2,384
1011,11,18.0,3.0,7.0,2025-09-30,9,11,,,2,878
1012,99,20.0,3.0,2.0,2025-09-30,19,21,,,2,1282
1013,16,10.0,3.0,2.0,2025-09-30,10,11,,,1,832
1014,49,18.0,,,2025-09-30,12,14,,,2,348
1015,45,15.0,,4.0,2025-09-30,19,22,3.0,,3,739
1016,19,15.0,,6.0,2025-09-30,11,12,2.0,,1,739
1017,59,4.0,4.0,,2025-09-30,15,16,,5.0,1,635
1018,33,9.0,4.0,,2025-09-30,14,17,,3.0,3,896
1019,99,20.0,4.0,3.0,2025-09-30,19,21,4.0,,2,1103
1020,40,14.0,3.0,4.0,2025-09-30,18,19,,,1,1171
1021,37,19.0,,,2025-09-30,20,22,3.0,,2,711
1022,81,2.0,,,2025-09-30,18,19,,,1,595
1023,94,1.0,,,2025-09-30,20,21,,,1,523
1024,39,,3.0,,2025-09-30,18,20,,2.0,2,530
1025,50,3.0,4.0,7.0,2025-09-30,9,11,,,2,967
1026,37,2.0,,7.0,2025-09-30,20,22,5.0,,2,595
1027,75,7.0,,2.0,2025-09-30,15,18,3.0,,3,411
1028,40,3.0,3.0,7.0,2025-09-30,19,20,3.0,1.0,1,1146
1029,29,18.0,,2.0,2025-09-30,19,21,1.0,,2,348
1030,91,12.0,3.0,,2025-09-30,11,14,,5.0,3,844
1031,73,11.0,3.0,2.0,2025-09-30,9,10,,,1,1159
1032,51,,4.0,,2025-09-30,18,20,,3.0,2,351
1033,32,14.0,3.0,2.0,2025-09-30,19,22,,,3,1171
1034,26,2.0,,7.0,2025-09-30,12,15,,,3,595
1035,15,9.0,3.0,3.0,2025-09-30,19,20,,,1,1075
1036,58,2.0,3.0,4.0,2025-09-30,19,20,5.0,2.0,1,1125
1037,27,10.0,3.0,3.0,2025-09-30,9,11,4.0,,2,832
1038,3,18.0,4.0,4.0,2025-09-30,20,21,,,1,699
1039,48,,4.0,,2025-09-30,17,20,,,3,351
