data,id_cliente,id_treino,id_aula,id_campanha,hora_entrada,hora_saida,avaliacao_treino,avaliacao_aula,semana,dia_semana
2025-09-01,14,14.0,1.0,C004,18,20,5.0,3.0,2025-09-01,0
2025-09-01,78,20.0,1.0,C003,19,20,5.0,,2025-09-01,0
2025-09-01,35,,2.0,C007,19,22,,4.0,2025-09-01,0
2025-09-01,59,16.0,1.0,,15,17,,1.0,2025-09-01,0
2025-09-01,52,12.0,,,15,18,1.0,,2025-09-01,0
2025-09-01,81,22.0,,,11,13,,,2025-09-01,0
2025-09-01,43,17.0,1.0,C003,9,10,,,2025-09-01,0
2025-09-01,16,23.0,2.0,C002,9,10,,,2025-09-01,0
2025-09-01,10,30.0,,,14,17,2.0,,2025-09-01,0
2025-09-01,67,14.0,1.0,C004,18,20,2.0,2.0,2025-09-01,0
2025-09-01,40,25.0,,C003,13,16,,,2025-09-01,0
2025-09-01,87,11.0,1.0,C001,19,21,1.0,1.0,2025-09-01,0
2025-09-01,26,23.0,,C002,18,19,,,2025-09-01,0
2025-09-01,50,22.0,1.0,C007,20,22,,4.0,2025-09-01,0
2025-09-01,11,20.0,1.0,,20,21,5.0,1.0,2025-09-01,0
2025-09-01,6,29.0,2.0,,19,21,,,2025-09-01,0
2025-09-01,49,11.0,,C007,12,14,,,2025-09-01,0
2025-09-01,43,11.0,2.0,,15,17,,5.0,2025-09-01,0
2025-09-01,93,18.0,,C004,9,12,,,2025-09-01,0
2025-09-01,38,24.0,,,20,21,3.0,,,0
2025-09-01,64,13.0,2.0,,18,19,,,2025-09-01,0
2025-09-01,31,,2.0,C007,12,15,,,2025-09-01,0
2025-09-01,11,17.0,1.0,C004,20,21,2.0,5.0,2025-09-01,0
2025-09-01,78,28.0,2.0,C002,19,20,3.0,4.0,2025-09-01,0
2025-09-01,54,11.0,,C003,11,13,,,2025-09-01,0
2025-09-01,87,25.0,,C004,18,21,5.0,,2025-09-01,0
2025-09-01,100,26.0,2.0,C002,15,17,,,2025-09-01,0
2025-09-01,55,20.0,1.0,,19,21,1.0,,2025-09-01,0
2025-09-01,35,,1.0,C007,13,15,,,2025-09-01,0
2025-09-01,19,22.0,,C002,11,12,4.0,,2025-09-01,0
2025-09-01,51,,1.0,,18,20,,,2025-09-01,0
2025-09-01,42,13.0,,C007,13,14,5.0,,2025-09-01,0
2025-09-01,34,,2.0,C007,12,14,,,2025-09-01,0
2025-09-01,50,20.0,1.0,C003,20,22,,1.0,2025-09-01,0
2025-09-01,87,,2.0,C001,9,12,,,2025-09-01,0
2025-09-01,40,20.0,,C004,18,20,,,2025-09-01,0
2025-09-01,49,,1.0,,14,16,,,2025-09-01,0
2025-09-01,48,,1.0,C004,20,22,,3.0,2025-09-01,0
2025-09-01,45,11.0,2.0,,19,22,,,2025-09-01,0
2025-09-01,33,22.0,2.0,C003,14,17,,3.0,2025-09-01,0
2025-09-01,1,12.0,,,10,11,,,2025-09-01,0
2025-09-01,95,12.0,,,20,21,,,2025-09-01,0
2025-09-01,71,24.0,,,17,18,,,2025-09-01,0
2025-09-01,19,28.0,2.0,,15,17,2.0,,2025-09-01,0
2025-09-02,26,28.0,,C004,14,17,3.0,,2025-09-01,1
2025-09-02,36,23.0,,,18,21,,,2025-09-01,1
2025-09-02,80,23.0,4.0,C004,9,10,5.0,,2025-09-01,1
2025-09-02,19,21.0,,C004,10,13,,,2025-09-01,1
2025-09-02,82,20.0,,,18,21,,,2025-09-01,1
2025-09-02,20,30.0,,C004,12,15,,,2025-09-01,1
2025-09-02,7,27.0,3.0,C003,18,20,,,2025-09-01,1
2025-09-02,20,29.0,,C007,19,20,,,2025-09-01,1
2025-09-02,92,,4.0,C007,12,14,,,2025-09-01,1
2025-09-02,83,18.0,3.0,,19,22,3.0,1.0,2025-09-01,1
2025-09-02,96,,4.0,C004,18,20,,,2025-09-01,1
2025-09-02,81,29.0,,,17,19,,,2025-09-01,1
2025-09-02,52,22.0,,,13,15,2.0,,2025-09-01,1
2025-09-02,3,,3.0,C004,13,16,,,2025-09-01,1
2025-09-02,45,29.0,,C003,20,22,3.0,,2025-09-01,1
2025-09-02,45,,4.0,C004,19,20,,3.0,2025-09-01,1
2025-09-02,33,22.0,4.0,C004,19,20,,3.0,2025-09-01,1
2025-09-02,69,23.0,3.0,,9,10,,5.0,2025-09-01,1
2025-09-02,31,27.0,,C007,19,21,,,2025-09-01,1
2025-09-02,31,12.0,,,12,14,,,2025-09-01,1
2025-09-02,61,15.0,4.0,C007,9,12,5.0,1.0,2025-09-01,1
2025-09-02,48,,3.0,,11,14,,,,1
2025-09-02,79,,3.0,C004,13,15,,,2025-09-01,1
2025-09-02,7,28.0,3.0,C007,9,10,,1.0,2025-09-01,1
2025-09-02,35,,3.0,,15,17,,,2025-09-01,1
2025-09-02,98,11.0,,C004,18,20,,,2025-09-01,1
2025-09-02,65,30.0,,C002,13,14,5.0,,2025-09-01,1
2025-09-02,53,,3.0,,19,21,,,2025-09-01,1
2025-09-02,7,18.0,3.0,C007,19,20,,2.0,2025-09-01,1
2025-09-02,91,16.0,4.0,C007,11,12,5.0,,2025-09-01,1
2025-09-02,59,30.0,3.0,C007,11,13,,,2025-09-01,1
2025-09-02,38,29.0,3.0,C007,9,11,,3.0,2025-09-01,1
2025-09-02,99,25.0,4.0,C002,9,10,4.0,,2025-09-01,1
2025-09-02,44,,3.0,C004,19,20,,,2025-09-01,1
2025-09-02,12,,4.0,C007,18,20,,4.0,2025-09-01,1
2025-09-02,49,15.0,,C007,13,16,,,2025-09-01,1
2025-09-02,11,28.0,4.0,C007,19,22,,,2025-09-01,1
2025-09-02,10,16.0,,C002,12,13,,,2025-09-01,1
2025-09-02,83,20.0,3.0,C002,13,15,3.0,,2025-09-01,1
2025-09-02,31,,3.0,C004,12,13,,,2025-09-01,1
2025-09-02,95,11.0,,C007,17,20,5.0,,2025-09-01,1
2025-09-02,84,23.0,4.0,C003,20,21,,,2025-09-01,1
2025-09-02,16,13.0,3.0,C003,10,13,,,2025-09-01,1
2025-09-02,42,,4.0,,14,17,,4.0,2025-09-01,1
2025-09-02,85,19.0,4.0,,19,20,,,2025-09-01,1
2025-09-02,39,,3.0,,16,18,,,2025-09-01,1
2025-09-02,33,21.0,4.0,,14,15,2.0,,2025-09-01,1
2025-09-02,48,,4.0,C004,19,21,,,2025-09-01,1
2025-09-03,86,22.0,,C003,12,15,3.0,,2025-09-01,2
2025-09-03,91,22.0,5.0,C007,15,18,,,2025-09-01,2
2025-09-03,45,,6.0,C007,17,18,,,2025-09-01,2
2025-09-03,34,,5.0,C004,10,11,,4.0,2025-09-01,2
2025-09-03,9,30.0,,,19,20,1.0,,2025-09-01,2
2025-09-03,66,13.0,,,19,21,,,2025-09-01,2
2025-09-03,46,,5.0,C004,10,13,,,2025-09-01,2
2025-09-03,54,15.0,,,15,16,5.0,,2025-09-01,2
2025-09-03,5,16.0,6.0,C004,19,22,5.0,,2025-09-01,2
2025-09-03,63,25.0,,C007,19,21,,,2025-09-01,2
2025-09-03,23,22.0,6.0,C002,12,13,4.0,,2025-09-01,2
2025-09-03,25,,6.0,,11,13,,,,2
2025-09-03,15,17.0,5.0,,18,19,,,2025-09-01,2
2025-09-03,70,,5.0,C004,13,14,,,2025-09-01,2
2025-09-03,49,13.0,,,18,21,5.0,,2025-09-01,2
2025-09-03,71,25.0,,,13,15,,,2025-09-01,2
2025-09-03,56,,5.0,,12,14,,1.0,2025-09-01,2
2025-09-03,13,13.0,,,16,17,3.0,,2025-09-01,2
2025-09-03,36,11.0,,C007,17,18,4.0,,2025-09-01,2
2025-09-03,69,26.0,5.0,,9,10,,3.0,2025-09-01,2
2025-09-03,69,15.0,6.0,C007,20,22,1.0,5.0,2025-09-01,2
2025-09-03,15,19.0,6.0,C007,20,22,,,2025-09-01,2
2025-09-03,87,,6.0,,13,16,,4.0,2025-09-01,2
2025-09-03,18,24.0,,C002,19,21,,,2025-09-01,2
2025-09-03,78,29.0,5.0,C004,9,10,,,2025-09-01,2
2025-09-03,24,13.0,,,12,15,,,2025-09-01,2
2025-09-03,14,12.0,6.0,,9,11,5.0,,2025-09-01,2
2025-09-03,50,25.0,5.0,C007,9,10,,2.0,2025-09-01,2
2025-09-03,15,17.0,6.0,C003,9,10,1.0,3.0,2025-09-01,2
2025-09-03,91,14.0,5.0,C002,15,17,,5.0,2025-09-01,2
2025-09-03,87,20.0,,C007,19,22,,,2025-09-01,2
2025-09-03,70,,6.0,C007,11,13,,5.0,2025-09-01,2
2025-09-03,44,,6.0,C007,10,11,,4.0,2025-09-01,2
2025-09-03,94,14.0,,C003,19,21,,,2025-09-01,2
2025-09-03,45,24.0,,C003,18,21,,,2025-09-01,2
2025-09-03,64,30.0,,C007,19,21,,,2025-09-01,2
2025-09-03,42,12.0,6.0,C006,14,15,,,2025-09-01,2
2025-09-03,25,26.0,,C007,13,16,,,2025-09-01,2
2025-09-03,57,14.0,5.0,C003,19,20,,,2025-09-01,2
2025-09-03,57,27.0,5.0,,18,21,,,2025-09-01,2
2025-09-03,75,,5.0,C004,11,14,,4.0,2025-09-01,2
2025-09-03,83,28.0,,C002,19,21,,,2025-09-01,2
2025-09-03,71,21.0,,C007,13,15,4.0,,2025-09-01,2
2025-09-03,77,27.0,,C002,11,12,,,2025-09-01,2
2025-09-03,99,24.0,6.0,,9,10,,,2025-09-01,2
2025-09-03,34,,6.0,,12,14,,,2025-09-01,2
2025-09-03,22,26.0,6.0,,9,11,,5.0,2025-09-01,2
2025-09-03,33,11.0,5.0,C002,18,20,,,2025-09-01,2
2025-09-03,51,,5.0,,19,22,,,2025-09-01,2
2025-09-03,69,21.0,5.0,C007,20,22,,3.0,2025-09-01,2
2025-09-03,13,17.0,,C003,20,22,,,2025-09-01,2
2025-09-04,44,,9.0,C004,16,19,,2.0,2025-09-01,3
2025-09-04,91,18.0,9.0,C007,10,13,,,2025-09-01,3
2025-09-04,87,22.0,,,18,19,1.0,,2025-09-01,3
2025-09-04,6,11.0,10.0,C002,16,17,,4.0,2025-09-01,3
2025-09-04,54,20.0,,C007,10,12,,,2025-09-01,3
2025-09-04,95,15.0,,C002,15,17,4.0,,2025-09-01,3
2025-09-04,53,,10.0,C007,20,22,,,2025-09-01,3
2025-09-04,81,18.0,,C002,16,17,3.0,,2025-09-01,3
2025-09-04,83,19.0,9.0,,14,16,,,2025-09-01,3
2025-09-04,72,28.0,9.0,,9,10,2.0,,2025-09-01,3
2025-09-04,78,,10.0,,18,19,,,,3
2025-09-04,60,28.0,,C004,18,20,,,2025-09-01,3
2025-09-04,72,15.0,9.0,,19,21,,,2025-09-01,3
2025-09-04,25,19.0,,C007,13,15,,,2025-09-01,3
2025-09-04,33,22.0,9.0,C007,18,20,,,2025-09-01,3
2025-09-04,81,26.0,,C004,19,20,,,2025-09-01,3
2025-09-04,96,,9.0,,20,22,,,,3
2025-09-04,76,,10.0,,11,12,,,,3
2025-09-04,5,27.0,,,17,18,3.0,,,3
2025-09-04,73,30.0,10.0,C007,9,10,,,2025-09-01,3
2025-09-04,49,29.0,,C004,18,20,,,2025-09-01,3
2025-09-04,45,20.0,10.0,C007,20,21,,,2025-09-01,3
2025-09-04,1,30.0,,C003,11,12,2.0,,2025-09-01,3
2025-09-04,31,25.0,,C002,18,19,,,2025-09-01,3
2025-09-04,27,11.0,9.0,C007,9,10,,,2025-09-01,3
2025-09-04,97,17.0,,C003,20,22,2.0,,2025-09-01,3
2025-09-04,54,29.0,,C002,9,11,5.0,,2025-09-01,3
2025-09-04,48,,9.0,,20,21,,,2025-09-01,3
2025-09-04,77,24.0,,,20,21,,,2025-09-01,3
2025-09-04,27,14.0,10.0,C002,9,10,1.0,,2025-09-01,3
2025-09-04,84,25.0,10.0,,9,10,2.0,4.0,2025-09-01,3
2025-09-04,52,26.0,,,18,20,,,2025-09-01,3
2025-09-04,4,25.0,,,20,22,,,2025-09-01,3
2025-09-04,25,25.0,,C007,14,16,2.0,,2025-09-01,3
2025-09-04,74,29.0,,,16,19,,,2025-09-01,3
2025-09-04,35,,10.0,C004,19,20,,,2025-09-01,3
2025-09-04,3,11.0,,C004,13,15,,,2025-09-01,3
2025-09-04,55,24.0,,,20,22,,,2025-09-01,3
2025-09-04,89,28.0,,C001,11,14,,,2025-09-01,3
2025-09-04,11,19.0,10.0,,20,22,,1.0,2025-09-01,3
2025-09-04,46,,10.0,C007,20,21,,3.0,2025-09-01,3
2025-09-04,83,24.0,,C003,19,20,,,2025-09-01,3
2025-09-04,87,20.0,,,19,21,,,2025-09-01,3
2025-09-04,22,28.0,10.0,,19,20,2.0,,2025-09-01,3
2025-09-04,44,,10.0,C007,19,21,,1.0,2025-09-01,3
2025-09-04,21,24.0,,C004,19,22,,,2025-09-01,3
2025-09-05,92,,7.0,C004,13,14,,4.0,2025-09-01,4
2025-09-05,66,,8.0,,20,22,,3.0,2025-09-01,4
2025-09-05,44,,7.0,,11,12,,2.0,2025-09-01,4
2025-09-05,31,12.0,8.0,,19,21,3.0,5.0,2025-09-01,4
2025-09-05,36,16.0,,C007,10,11,,,2025-09-01,4
2025-09-05,76,28.0,8.0,,15,17,,,2025-09-01,4
2025-09-05,50,30.0,8.0,C003,9,10,,,2025-09-01,4
2025-09-05,71,25.0,,C002,9,10,,,2025-09-01,4
2025-09-05,93,15.0,,,9,10,2.0,,2025-09-01,4
2025-09-05,87,14.0,,C002,12,15,,,2025-09-01,4
2025-09-05,74,15.0,,,9,12,2.0,,2025-09-01,4
2025-09-05,41,13.0,8.0,C002,19,20,,,2025-09-01,4
2025-09-05,58,28.0,7.0,,9,10,,,2025-09-01,4
2025-09-05,20,17.0,,,12,15,2.0,,2025-09-01,4
2025-09-05,86,15.0,7.0,C004,18,20,,4.0,2025-09-01,4
2025-09-05,57,17.0,,,16,19,,,,4
2025-09-05,41,22.0,7.0,C007,18,19,,3.0,2025-09-01,4
2025-09-05,38,15.0,,,17,18,,,,4
2025-09-05,67,24.0,8.0,C003,9,11,,3.0,2025-09-01,4
2025-09-05,52,13.0,,,13,15,,,2025-09-01,4
2025-09-05,48,,7.0,C007,19,21,,,2025-09-01,4
2025-09-05,36,28.0,,C004,17,20,1.0,,2025-09-01,4
2025-09-05,4,26.0,,C003,19,21,,,2025-09-01,4
2025-09-05,36,21.0,,,13,16,,,2025-09-01,4
2025-09-05,98,22.0,,C007,19,21,,,2025-09-01,4
2025-09-05,11,13.0,7.0,C004,9,10,,,2025-09-01,4
2025-09-05,73,28.0,8.0,,19,21,,,2025-09-01,4
2025-09-05,56,,7.0,,9,11,,,2025-09-01,4
2025-09-05,96,,7.0,,12,15,,,2025-09-01,4
2025-09-05,9,21.0,7.0,,19,20,,3.0,2025-09-01,4
2025-09-05,69,14.0,8.0,C003,9,10,,,2025-09-01,4
2025-09-05,100,16.0,8.0,C002,9,11,2.0,,2025-09-01,4
2025-09-05,25,12.0,,C007,18,20,,,2025-09-01,4
2025-09-05,7,24.0,7.0,C003,9,10,,,2025-09-01,4
2025-09-05,97,,8.0,,20,21,,,2025-09-01,4
2025-09-05,48,23.0,,C007,19,21,5.0,,2025-09-01,4
2025-09-05,93,23.0,,C004,11,14,1.0,,2025-09-01,4
2025-09-05,5,20.0,8.0,C007,18,21,4.0,1.0,2025-09-01,4
2025-09-05,73,29.0,7.0,,19,20,5.0,,2025-09-01,4
2025-09-05,93,21.0,,C003,10,13,4.0,,2025-09-01,4
2025-09-05,37,28.0,,C007,20,22,4.0,,2025-09-01,4
2025-09-05,66,22.0,,C004,20,22,,,2025-09-01,4
2025-09-05,87,29.0,,C007,13,14,,,2025-09-01,4
2025-09-05,33,17.0,8.0,,14,15,,5.0,2025-09-01,4
2025-09-05,25,15.0,,C002,18,19,,,2025-09-01,4
2025-09-05,95,18.0,,C007,10,13,,,2025-09-01,4
2025-09-05,64,24.0,,C004,19,21,,,2025-09-01,4
2025-09-05,70,,7.0,,17,19,,4.0,2025-09-01,4
2025-09-08,80,13.0,1.0,C007,9,10,,,2025-09-08,0
2025-09-08,20,,1.0,,18,21,,,2025-09-08,0
2025-09-08,14,20.0,1.0,C004,9,10,,,2025-09-08,0
2025-09-08,88,27.0,,,20,22,5.0,,2025-09-08,0
2025-09-08,99,17.0,2.0,C004,19,21,,3.0,2025-09-08,0
2025-09-08,62,29.0,,,16,19,4.0,,2025-09-08,0
2025-09-08,35,,1.0,C007,11,14,,4.0,2025-09-08,0
2025-09-08,46,11.0,,C002,16,18,,,2025-09-08,0
2025-09-08,45,,2.0,C004,17,20,,5.0,2025-09-08,0
2025-09-08,15,18.0,2.0,,20,21,,2.0,2025-09-08,0
2025-09-08,46,26.0,,C007,9,12,,,2025-09-08,0
2025-09-08,51,,1.0,,20,22,,1.0,2025-09-08,0
2025-09-08,31,23.0,,C007,18,21,,,2025-09-08,0
2025-09-08,56,,2.0,C007,13,15,,,2025-09-08,0
2025-09-08,44,,1.0,C004,14,17,,,2025-09-08,0
2025-09-08,30,30.0,1.0,C004,9,11,,2.0,2025-09-08,0
2025-09-08,34,,1.0,C004,13,15,,,2025-09-08,0
2025-09-08,16,12.0,2.0,,11,13,,,2025-09-08,0
2025-09-08,64,22.0,,,13,14,,,2025-09-08,0
2025-09-08,64,30.0,1.0,,12,14,,,2025-09-08,0
2025-09-08,18,25.0,,,19,22,,,2025-09-08,0
2025-09-08,18,26.0,,C004,19,21,,,2025-09-08,0
2025-09-08,31,17.0,,C004,13,16,3.0,,2025-09-08,0
2025-09-08,16,19.0,1.0,,9,12,5.0,,2025-09-08,0
2025-09-08,75,,1.0,C004,16,17,,1.0,2025-09-08,0
2025-09-08,3,,2.0,,16,17,,,2025-09-08,0
2025-09-08,99,27.0,2.0,C007,19,21,,,2025-09-08,0
2025-09-08,51,,2.0,,16,18,,4.0,2025-09-08,0
2025-09-08,62,,2.0,,13,15,,4.0,2025-09-08,0
2025-09-08,4,28.0,,C002,19,20,,,2025-09-08,0
2025-09-08,92,20.0,,C007,14,15,,,2025-09-08,0
2025-09-08,42,21.0,2.0,C007,18,19,4.0,5.0,2025-09-08,0
2025-09-08,81,19.0,,C007,18,20,2.0,,2025-09-08,0
2025-09-08,65,,1.0,,18,19,,,2025-09-08,0
2025-09-08,29,27.0,,C004,20,21,,,2025-09-08,0
2025-09-08,70,,1.0,C004,11,12,,,2025-09-08,0
2025-09-08,33,12.0,1.0,,18,20,,,2025-09-08,0
2025-09-08,39,,2.0,C007,20,22,,,2025-09-08,0
2025-09-08,28,16.0,1.0,C004,19,21,4.0,,2025-09-08,0
2025-09-08,24,16.0,,C007,19,22,,,2025-09-08,0
2025-09-08,72,30.0,2.0,C007,19,20,,3.0,2025-09-08,0
2025-09-08,19,,2.0,,10,11,,,2025-09-08,0
2025-09-08,65,,2.0,,20,22,,,2025-09-08,0
2025-09-08,50,28.0,1.0,C007,20,22,,4.0,2025-09-08,0
2025-09-08,44,,2.0,,13,14,,,2025-09-08,0
2025-09-08,11,23.0,2.0,C003,20,21,2.0,,2025-09-08,0
2025-09-08,77,14.0,,,20,22,,,2025-09-08,0
2025-09-08,56,,1.0,,10,11,,3.0,2025-09-08,0
2025-09-08,47,30.0,,C003,19,20,,,2025-09-08,0
2025-09-08,68,24.0,,C002,12,14,,,2025-09-08,0
2025-09-08,30,22.0,2.0,,9,10,,,2025-09-08,0
2025-09-08,32,27.0,1.0,,13,14,5.0,,2025-09-08,0
2025-09-08,1,11.0,,C004,15,18,,,2025-09-08,0
2025-09-09,75,,3.0,,16,17,,1.0,2025-09-08,1
2025-09-09,42,11.0,4.0,C002,18,21,1.0,3.0,2025-09-08,1
2025-09-09,1,26.0,4.0,C007,9,12,,5.0,2025-09-08,1
2025-09-09,20,13.0,,,18,21,,,2025-09-08,1
2025-09-09,85,,4.0,C007,19,22,,,2025-09-08,1
2025-09-09,41,19.0,4.0,C002,20,22,,5.0,2025-09-08,1
2025-09-09,77,17.0,,,15,16,5.0,,,1
2025-09-09,7,,4.0,,9,12,,,,1
2025-09-09,13,18.0,,,13,14,4.0,,,1
2025-09-09,80,23.0,,,11,13,4.0,,,1
2025-09-09,78,24.0,4.0,C004,19,20,,,2025-09-08,1
2025-09-09,48,,4.0,C007,19,21,,,2025-09-08,1
2025-09-09,24,30.0,,C002,13,15,1.0,,2025-09-08,1
2025-09-09,68,17.0,,,13,16,,,2025-09-08,1
2025-09-09,89,22.0,,C007,16,17,,,2025-09-08,1
2025-09-09,20,20.0,,,18,20,,,2025-09-08,1
2025-09-09,13,14.0,,,17,20,,,2025-09-08,1
2025-09-09,85,28.0,4.0,C004,13,16,5.0,,2025-09-08,1
2025-09-09,37,,4.0,C007,17,20,,5.0,2025-09-08,1
2025-09-09,91,15.0,4.0,C007,11,13,,,2025-09-08,1
2025-09-09,20,,4.0,,19,21,,,2025-09-08,1
2025-09-09,61,24.0,,C004,10,12,,,2025-09-08,1
2025-09-09,65,,4.0,,11,12,,,2025-09-08,1
2025-09-09,13,24.0,,,14,15,,,2025-09-08,1
2025-09-09,98,,3.0,,19,20,,,2025-09-08,1
2025-09-09,47,28.0,3.0,C004,18,21,,,2025-09-08,1
2025-09-09,24,29.0,,C002,18,21,1.0,,2025-09-08,1
2025-09-09,35,,3.0,C004,18,20,,2.0,2025-09-08,1
2025-09-09,23,20.0,3.0,C002,18,20,,,2025-09-08,1
2025-09-09,95,21.0,,C002,16,19,,,2025-09-08,1
2025-09-09,94,20.0,,C004,19,21,,,2025-09-08,1
2025-09-09,20,,3.0,C007,12,14,,,2025-09-08,1
2025-09-09,72,26.0,3.0,C003,9,10,5.0,,2025-09-08,1
2025-09-09,79,,4.0,C007,12,14,,,2025-09-08,1
2025-09-10,20,14.0,5.0,C004,19,20,,,2025-09-08,2
2025-09-10,87,,5.0,,17,20,,,2025-09-08,2
2025-09-10,29,29.0,,C002,19,21,1.0,,2025-09-08,2
2025-09-10,93,15.0,,,11,14,,,2025-09-08,2
2025-09-10,83,25.0,5.0,,19,21,,2.0,2025-09-08,2
2025-09-10,3,25.0,,C002,16,18,2.0,,2025-09-08,2
2025-09-10,96,,6.0,C007,19,22,,1.0,2025-09-08,2
2025-09-10,86,18.0,,,12,15,,,2025-09-08,2
2025-09-10,87,25.0,5.0,C002,18,21,,1.0,2025-09-08,2
2025-09-10,20,25.0,,C004,18,19,,,2025-09-08,2
2025-09-10,85,22.0,,,13,16,2.0,,2025-09-08,2
2025-09-10,44,,5.0,C004,15,18,,,2025-09-08,2
2025-09-10,89,19.0,,,17,20,,,2025-09-08,2
2025-09-10,97,21.0,,,20,21,1.0,,2025-09-08,2
2025-09-10,59,24.0,5.0,C002,11,12,,,2025-09-08,2
2025-09-10,64,14.0,,,18,20,2.0,,2025-09-08,2
2025-09-10,11,23.0,5.0,C002,20,21,,,2025-09-08,2
2025-09-10,20,14.0,6.0,,13,16,,4.0,2025-09-08,2
2025-09-10,65,28.0,6.0,,12,14,,,2025-09-08,2
2025-09-10,15,,5.0,,18,20,,,,2
2025-09-10,43,11.0,6.0,C007,15,18,5.0,,2025-09-08,2
2025-09-10,65,27.0,5.0,,19,22,1.0,1.0,2025-09-08,2
2025-09-10,37,16.0,,C007,16,18,,,2025-09-08,2
2025-09-10,35,,5.0,C007,15,16,,,2025-09-08,2
2025-09-10,40,,6.0,C004,18,21,,,2025-09-08,2
2025-09-10,40,,5.0,C004,18,21,,2.0,2025-09-08,2
2025-09-10,92,24.0,,C002,14,17,4.0,,2025-09-08,2
2025-09-10,100,25.0,5.0,C004,11,12,,5.0,2025-09-08,2
2025-09-10,12,,6.0,C007,10,12,,3.0,2025-09-08,2
2025-09-10,90,,6.0,,18,20,,,2025-09-08,2
2025-09-10,78,26.0,6.0,C003,18,21,2.0,,2025-09-08,2
2025-09-10,80,23.0,5.0,C003,9,10,4.0,,2025-09-08,2
2025-09-10,54,11.0,,C003,10,13,,,2025-09-08,2
2025-09-10,6,28.0,5.0,C007,18,20,4.0,,2025-09-08,2
2025-09-10,82,,5.0,C004,14,16,,,2025-09-08,2
2025-09-10,48,14.0,,,19,20,,,2025-09-08,2
2025-09-10,81,22.0,,,13,15,3.0,,2025-09-08,2
2025-09-10,60,12.0,6.0,C003,12,13,,4.0,2025-09-08,2
2025-09-10,56,,5.0,C004,16,18,,,2025-09-08,2
2025-09-10,2,,6.0,,20,22,,,2025-09-08,2
2025-09-10,41,14.0,5.0,,20,22,,5.0,2025-09-08,2
2025-09-10,43,28.0,5.0,,9,11,,,2025-09-08,2
2025-09-10,6,30.0,5.0,C002,19,21,4.0,,2025-09-08,2
2025-09-10,94,,5.0,C007,19,20,,,2025-09-08,2
2025-09-10,78,30.0,5.0,C007,18,20,1.0,5.0,2025-09-08,2
2025-09-10,50,24.0,6.0,,20,21,3.0,5.0,2025-09-08,2
2025-09-10,50,25.0,6.0,C007,9,11,2.0,,2025-09-08,2
2025-09-10,68,18.0,,C002,13,14,,,2025-09-08,2
2025-09-10,79,25.0,5.0,C002,19,22,5.0,,2025-09-08,2
2025-09-10,23,14.0,6.0,,18,21,,,2025-09-08,2
2025-09-10,37,,5.0,C007,19,22,,5.0,2025-09-08,2
2025-09-10,37,26.0,5.0,,16,18,2.0,1.0,2025-09-08,2
2025-09-10,59,25.0,5.0,,15,16,,,2025-09-08,2
2025-09-10,22,25.0,6.0,C002,19,22,2.0,,2025-09-08,2
2025-09-10,10,,6.0,,19,21,,4.0,2025-09-08,2
2025-09-10,66,,6.0,C007,20,22,,,2025-09-08,2
2025-09-10,93,12.0,,C004,15,16,1.0,,2025-09-08,2
2025-09-11,41,27.0,9.0,,18,20,5.0,,2025-09-08,3
2025-09-11,9,17.0,9.0,C002,18,20,3.0,,2025-09-08,3
2025-09-11,98,26.0,9.0,C003,19,22,,,2025-09-08,3
2025-09-11,12,,9.0,C007,13,15,,4.0,2025-09-08,3
2025-09-11,34,,10.0,C004,12,13,,,2025-09-08,3
2025-09-11,7,21.0,9.0,C003,20,21,,,2025-09-08,3
2025-09-11,5,18.0,9.0,C007,20,22,2.0,5.0,2025-09-08,3
2025-09-11,71,17.0,,C002,19,20,,,2025-09-08,3
2025-09-11,51,15.0,,,19,20,5.0,,,3
2025-09-11,41,15.0,,,12,13,5.0,,,3
2025-09-11,63,20.0,,C004,19,21,3.0,,2025-09-08,3
2025-09-11,57,18.0,10.0,C007,18,21,,,2025-09-08,3
2025-09-11,62,,10.0,C006,13,16,,,2025-09-08,3
2025-09-11,72,28.0,10.0,,18,19,2.0,,2025-09-08,3
2025-09-11,70,,9.0,C004,10,13,,3.0,2025-09-08,3
2025-09-11,50,21.0,9.0,C002,20,22,,,2025-09-08,3
2025-09-11,45,20.0,10.0,C003,16,19,1.0,,2025-09-08,3
2025-09-11,17,18.0,,C003,13,16,,,2025-09-08,3
2025-09-11,32,23.0,10.0,C004,13,16,4.0,4.0,2025-09-08,3
2025-09-11,93,22.0,,,11,12,1.0,,2025-09-08,3
2025-09-11,24,15.0,10.0,C003,13,15,,,2025-09-08,3
2025-09-11,54,16.0,,,11,13,4.0,,2025-09-08,3
2025-09-11,31,,10.0,C007,19,21,,,2025-09-08,3
2025-09-11,7,16.0,9.0,,20,22,,,2025-09-08,3
2025-09-11,40,,10.0,C004,13,16,,5.0,2025-09-08,3
2025-09-11,29,23.0,9.0,,19,21,,3.0,2025-09-08,3
2025-09-11,77,22.0,,C003,14,16,1.0,,2025-09-08,3
2025-09-11,40,26.0,,C004,18,19,,,2025-09-08,3
2025-09-11,76,,10.0,C007,10,12,,,2025-09-08,3
2025-09-11,76,15.0,9.0,,15,16,,,2025-09-08,3
2025-09-11,11,30.0,9.0,C007,19,20,1.0,,2025-09-08,3
2025-09-11,59,14.0,10.0,C002,15,18,2.0,,2025-09-08,3
2025-09-11,28,13.0,,,19,22,,,2025-09-08,3
2025-09-11,30,23.0,10.0,C007,19,20,,,2025-09-08,3
2025-09-11,25,,9.0,C004,13,14,,,2025-09-08,3
2025-09-11,46,,9.0,,19,20,,,2025-09-08,3
2025-09-11,66,20.0,,C007,20,22,,,2025-09-08,3
2025-09-11,8,26.0,,,12,13,,,2025-09-08,3
2025-09-11,93,27.0,,C003,9,10,,,2025-09-08,3
2025-09-11,35,,9.0,C007,16,18,,4.0,2025-09-08,3
2025-09-12,18,,7.0,C004,20,22,,,2025-09-08,4
2025-09-12,94,25.0,,C007,19,22,,,2025-09-08,4
2025-09-12,73,13.0,,,16,19,3.0,,,4
2025-09-12,73,16.0,7.0,C002,19,20,,,2025-09-08,4
2025-09-12,53,,7.0,,20,22,,,2025-09-08,4
2025-09-12,18,25.0,,C007,19,22,5.0,,2025-09-08,4
2025-09-12,10,17.0,,C007,14,16,,,2025-09-08,4
2025-09-12,16,17.0,8.0,,11,14,,4.0,2025-09-08,4
2025-09-12,18,15.0,,,19,20,3.0,,2025-09-08,4
2025-09-12,21,20.0,,C004,20,22,,,2025-09-08,4
2025-09-12,85,29.0,,C007,12,15,,,2025-09-08,4
2025-09-12,55,16.0,,C004,20,22,,,2025-09-08,4
2025-09-12,79,30.0,,,18,21,5.0,,,4
2025-09-12,64,16.0,7.0,C002,19,20,5.0,,2025-09-08,4
2025-09-12,16,24.0,8.0,C004,9,10,,,2025-09-08,4
2025-09-12,35,,8.0,C007,14,16,,,2025-09-08,4
2025-09-12,54,17.0,,,11,13,,,2025-09-08,4
2025-09-12,91,17.0,7.0,,15,16,,,2025-09-08,4
2025-09-12,8,13.0,,C002,20,22,,,2025-09-08,4
2025-09-12,31,,7.0,C007,19,20,,3.0,2025-09-08,4
2025-09-12,100,13.0,7.0,C007,9,11,1.0,,2025-09-08,4
2025-09-12,73,20.0,7.0,,19,22,,,2025-09-08,4
2025-09-12,61,12.0,8.0,C004,15,18,5.0,,2025-09-08,4
2025-09-12,10,17.0,7.0,C004,13,14,,,2025-09-08,4
2025-09-12,29,,8.0,C004,20,22,,4.0,2025-09-08,4
2025-09-12,90,17.0,7.0,C007,12,14,,,2025-09-08,4
2025-09-12,92,,8.0,C007,14,17,,1.0,2025-09-08,4
2025-09-12,15,28.0,7.0,C007,18,20,,,2025-09-08,4
2025-09-12,83,18.0,,C007,12,14,2.0,,2025-09-08,4
2025-09-12,95,28.0,,C002,14,15,,,2025-09-08,4
2025-09-12,75,21.0,7.0,,13,16,3.0,5.0,2025-09-08,4
2025-09-12,59,27.0,7.0,C003,11,14,5.0,,2025-09-08,4
2025-09-12,87,15.0,,C004,18,19,3.0,,2025-09-08,4
2025-09-12,6,13.0,7.0,C004,20,22,,1.0,2025-09-08,4
2025-09-12,95,23.0,,C007,10,13,,,2025-09-08,4
2025-09-12,59,12.0,7.0,C003,10,13,2.0,,2025-09-08,4
2025-09-12,43,30.0,7.0,,11,13,,3.0,2025-09-08,4
2025-09-12,90,27.0,7.0,C007,12,15,2.0,,2025-09-08,4
2025-09-12,100,12.0,7.0,,11,12,,2.0,2025-09-08,4
2025-09-12,48,21.0,,,19,21,,,2025-09-08,4
2025-09-12,4,16.0,7.0,C002,19,20,1.0,,2025-09-08,4
2025-09-12,58,30.0,7.0,C004,9,10,3.0,,2025-09-08,4
2025-09-12,63,26.0,,C002,18,19,,,2025-09-08,4
2025-09-12,5,18.0,7.0,C003,18,19,3.0,,2025-09-08,4
2025-09-12,43,22.0,7.0,,10,11,5.0,,2025-09-08,4
2025-09-12,34,,7.0,C004,12,14,,1.0,2025-09-08,4
2025-09-12,1,13.0,,,15,17,,,2025-09-08,4
2025-09-12,20,16.0,,,18,20,,,2025-09-08,4
2025-09-12,38,28.0,8.0,,18,19,5.0,1.0,2025-09-08,4
2025-09-15,40,23.0,2.0,C007,19,20,,4.0,2025-09-15,0
2025-09-15,24,21.0,,,16,19,3.0,,2025-09-15,0
2025-09-15,59,15.0,2.0,,10,13,,2.0,2025-09-15,0
2025-09-15,20,16.0,2.0,C003,12,15,,5.0,2025-09-15,0
2025-09-15,98,18.0,1.0,C002,20,22,4.0,,2025-09-15,0
2025-09-15,60,,1.0,C007,13,15,,,2025-09-15,0
2025-09-15,98,,1.0,C007,17,20,,5.0,2025-09-15,0
2025-09-15,12,,1.0,,20,22,,,2025-09-15,0
2025-09-15,51,,2.0,,18,20,,,2025-09-15,0
2025-09-15,58,24.0,1.0,C003,19,22,,,2025-09-15,0
2025-09-15,68,20.0,,C003,18,21,5.0,,2025-09-15,0
2025-09-15,62,,1.0,,18,21,,,,0
2025-09-15,87,23.0,,C004,10,13,,,2025-09-15,0
2025-09-15,68,14.0,,C003,13,16,,,2025-09-15,0
2025-09-15,8,21.0,,C004,14,15,,,2025-09-15,0
2025-09-15,73,12.0,1.0,C007,9,10,,,2025-09-15,0
2025-09-15,90,,1.0,,18,19,,5.0,2025-09-15,0
2025-09-15,30,30.0,2.0,C002,19,21,,5.0,2025-09-15,0
2025-09-15,30,12.0,2.0,,18,20,,4.0,2025-09-15,0
2025-09-15,62,,2.0,,18,21,,,2025-09-15,0
2025-09-15,67,23.0,2.0,,9,10,5.0,,2025-09-15,0
2025-09-15,43,25.0,2.0,C002,10,11,,,2025-09-15,0
2025-09-15,87,,1.0,,12,14,,,2025-09-15,0
2025-09-15,68,15.0,,C007,18,19,,,2025-09-15,0
2025-09-15,35,,1.0,C007,11,12,,,2025-09-15,0
2025-09-15,19,,2.0,C004,9,11,,,2025-09-15,0
2025-09-15,79,22.0,,C002,18,19,,,2025-09-15,0
2025-09-15,96,28.0,,C007,18,19,,,2025-09-15,0
2025-09-15,43,22.0,2.0,C007,9,11,2.0,,2025-09-15,0
2025-09-15,45,17.0,,,17,20,,,2025-09-15,0
2025-09-15,29,16.0,,C003,20,22,,,2025-09-15,0
2025-09-15,81,15.0,,C003,12,14,,,2025-09-15,0
2025-09-15,99,17.0,2.0,,18,21,,3.0,2025-09-15,0
2025-09-15,56,,2.0,C007,12,13,,,2025-09-15,0
2025-09-15,59,19.0,1.0,C004,15,18,,,2025-09-15,0
2025-09-15,23,28.0,,C004,12,15,1.0,,2025-09-15,0
2025-09-15,99,23.0,1.0,,18,21,,,2025-09-15,0
2025-09-15,14,29.0,1.0,C002,18,20,,2.0,2025-09-15,0
2025-09-15,29,20.0,,C007,20,22,1.0,,2025-09-15,0
2025-09-15,17,18.0,,C002,18,19,,,2025-09-15,0
2025-09-15,74,20.0,,,11,14,2.0,,2025-09-15,0
2025-09-15,15,21.0,2.0,,19,21,5.0,1.0,2025-09-15,0
2025-09-15,40,,1.0,C004,18,21,,,2025-09-15,0
2025-09-15,61,20.0,,,11,14,,,2025-09-15,0
2025-09-15,41,25.0,2.0,,19,20,,,2025-09-15,0
2025-09-15,7,30.0,1.0,,20,22,2.0,,2025-09-15,0
2025-09-15,95,28.0,,,9,10,1.0,,2025-09-15,0
2025-09-16,42,20.0,4.0,,12,15,3.0,,2025-09-15,1
2025-09-16,100,27.0,3.0,,9,12,,5.0,2025-09-15,1
2025-09-16,47,15.0,,C004,12,15,,,2025-09-15,1
2025-09-16,87,,4.0,,15,18,,,,1
2025-09-16,45,30.0,,C003,18,21,5.0,,2025-09-15,1
2025-09-16,3,24.0,,,10,12,,,2025-09-15,1
2025-09-16,81,15.0,,,17,20,5.0,,2025-09-15,1
2025-09-16,75,16.0,,C002,13,16,5.0,,2025-09-15,1
2025-09-16,98,,4.0,C007,16,19,,1.0,2025-09-15,1
2025-09-16,79,15.0,3.0,C002,18,20,3.0,,2025-09-15,1
2025-09-16,30,28.0,3.0,C007,18,20,,,2025-09-15,1
2025-09-16,89,25.0,,C007,18,19,,,2025-09-15,1
2025-09-16,70,,3.0,C007,18,21,,3.0,2025-09-15,1
2025-09-16,15,27.0,3.0,C007,9,10,,4.0,2025-09-15,1
2025-09-16,95,17.0,,C003,13,14,,,2025-09-15,1
2025-09-16,89,18.0,,,17,20,1.0,,2025-09-15,1
2025-09-16,95,27.0,,,19,21,,,2025-09-15,1
2025-09-16,21,23.0,,C004,19,20,,,2025-09-15,1
2025-09-16,51,,3.0,C007,18,21,,,2025-09-15,1
2025-09-16,35,,3.0,C004,14,17,,,2025-09-15,1
2025-09-16,45,,4.0,,20,22,,,2025-09-15,1
2025-09-16,73,24.0,4.0,,18,20,5.0,,2025-09-15,1
2025-09-16,43,28.0,4.0,,9,11,,,2025-09-15,1
2025-09-16,31,25.0,,C004,12,13,,,2025-09-15,1
2025-09-16,23,22.0,,C002,18,20,3.0,,2025-09-15,1
2025-09-16,9,,3.0,C004,12,14,,,2025-09-15,1
2025-09-16,97,11.0,,C004,20,21,,,2025-09-15,1
2025-09-16,7,13.0,3.0,,9,10,1.0,,2025-09-15,1
2025-09-16,12,,3.0,C007,9,10,,1.0,2025-09-15,1
2025-09-16,40,23.0,,C004,18,20,,,2025-09-15,1
2025-09-16,69,20.0,3.0,C004,9,10,3.0,5.0,2025-09-15,1
2025-09-17,22,29.0,5.0,C003,20,21,,4.0,2025-09-15,2
2025-09-17,78,11.0,5.0,,18,20,5.0,5.0,2025-09-15,2
2025-09-17,3,27.0,,,18,19,1.0,,2025-09-15,2
2025-09-17,56,,5.0,C004,20,22,,,2025-09-15,2
2025-09-17,43,20.0,5.0,C002,11,14,,,2025-09-15,2
2025-09-17,83,14.0,,C004,13,15,2.0,,2025-09-15,2
2025-09-17,92,14.0,,C003,19,20,,,2025-09-15,2
2025-09-17,58,18.0,,,18,19,4.0,,,2
2025-09-17,92,17.0,6.0,C007,12,14,3.0,,2025-09-15,2
2025-09-17,40,,5.0,,15,16,,,2025-09-15,2
2025-09-17,83,12.0,,,17,20,,,,2
2025-09-17,97,12.0,,,17,19,3.0,,,2
2025-09-17,94,,6.0,,11,13,,,,2
2025-09-17,75,,5.0,C007,10,11,,,2025-09-15,2
2025-09-17,48,,6.0,,20,22,,,2025-09-15,2
2025-09-17,79,21.0,6.0,C004,13,14,,5.0,2025-09-15,2
2025-09-17,26,25.0,,,18,20,,,2025-09-15,2
2025-09-17,80,27.0,,,15,17,3.0,,2025-09-15,2
2025-09-17,77,23.0,,C007,15,17,5.0,,2025-09-15,2
2025-09-17,3,,6.0,,15,16,,1.0,2025-09-15,2
2025-09-17,54,24.0,,C004,10,12,4.0,,2025-09-15,2
2025-09-17,26,11.0,,,16,19,3.0,,2025-09-15,2
2025-09-17,25,15.0,,C007,18,19,2.0,,2025-09-15,2
2025-09-17,28,,6.0,C007,20,22,,3.0,2025-09-15,2
2025-09-17,31,26.0,,C006,14,15,,,2025-09-15,2
2025-09-17,32,16.0,6.0,C001,13,16,3.0,,2025-09-15,2
2025-09-17,21,25.0,,C006,19,22,,,2025-09-15,2
2025-09-17,5,13.0,5.0,C007,20,21,,,2025-09-15,2
2025-09-17,81,29.0,,,19,22,,,2025-09-15,2
2025-09-17,15,16.0,6.0,C002,19,22,3.0,,2025-09-15,2
2025-09-17,39,11.0,,,18,21,,,2025-09-15,2
2025-09-17,59,18.0,6.0,C002,15,18,5.0,,2025-09-15,2
2025-09-17,33,27.0,5.0,C004,13,15,,2.0,2025-09-15,2
2025-09-17,93,24.0,,C002,10,13,4.0,,2025-09-15,2
2025-09-17,100,17.0,6.0,C007,10,11,,1.0,2025-09-15,2
2025-09-17,60,19.0,,C002,12,15,,,2025-09-15,2
2025-09-17,59,17.0,5.0,C007,9,10,2.0,4.0,2025-09-15,2
2025-09-17,76,,5.0,C007,10,13,,2.0,2025-09-15,2
2025-09-17,81,22.0,,,18,21,,,2025-09-15,2
2025-09-17,88,,5.0,C007,20,21,,,2025-09-15,2
2025-09-17,10,11.0,,C002,12,13,,,2025-09-15,2
2025-09-17,16,21.0,6.0,,15,18,3.0,,2025-09-15,2
2025-09-17,44,,5.0,,18,19,,,2025-09-15,2
2025-09-17,3,22.0,5.0,C007,19,22,3.0,,2025-09-15,2
2025-09-17,91,26.0,6.0,C004,15,17,1.0,,2025-09-15,2
2025-09-17,1,30.0,,C007,9,11,,,2025-09-15,2
2025-09-17,28,11.0,,,20,22,1.0,,2025-09-15,2
2025-09-17,2,,5.0,C004,20,21,,,2025-09-15,2
2025-09-17,2,,6.0,C004,18,19,,,2025-09-15,2
2025-09-17,52,19.0,,C007,15,18,,,2025-09-15,2
2025-09-17,16,12.0,6.0,,10,12,1.0,3.0,2025-09-15,2
2025-09-17,67,27.0,6.0,C007,18,19,4.0,1.0,2025-09-15,2
2025-09-18,84,25.0,10.0,C007,18,20,3.0,,2025-09-15,3
2025-09-18,61,,9.0,C007,11,12,,,2025-09-15,3
2025-09-18,99,23.0,10.0,C004,18,19,4.0,1.0,2025-09-15,3
2025-09-18,13,24.0,,C002,18,20,,,2025-09-15,3
2025-09-18,15,14.0,9.0,C002,18,20,,3.0,2025-09-15,3
2025-09-18,89,12.0,,,20,21,2.0,,2025-09-15,3
2025-09-18,21,,10.0,C007,20,21,,,2025-09-15,3
2025-09-18,99,,10.0,,13,14,,,,3
2025-09-18,77,29.0,,C007,11,12,,,2025-09-15,3
2025-09-18,95,15.0,,C003,20,22,,,2025-09-15,3
2025-09-18,79,,9.0,,19,20,,,2025-09-15,3
2025-09-18,36,21.0,,C002,12,14,,,2025-09-15,3
2025-09-18,11,19.0,9.0,,19,20,4.0,1.0,2025-09-15,3
2025-09-18,2,,9.0,C007,16,17,,,2025-09-15,3
2025-09-18,45,21.0,,C003,17,20,4.0,,2025-09-15,3
2025-09-18,86,26.0,,C006,18,21,,,2025-09-15,3
2025-09-18,46,19.0,,,11,14,2.0,,2025-09-15,3
2025-09-18,98,17.0,9.0,,18,21,4.0,,2025-09-15,3
2025-09-18,63,18.0,,,13,14,,,2025-09-15,3
2025-09-18,81,28.0,,,19,20,,,2025-09-15,3
2025-09-18,92,20.0,10.0,,13,14,,5.0,2025-09-15,3
2025-09-18,13,18.0,,C007,20,22,2.0,,2025-09-15,3
2025-09-18,84,16.0,10.0,,19,20,,5.0,2025-09-15,3
2025-09-18,92,,10.0,C007,12,15,,2.0,2025-09-15,3
2025-09-18,55,,9.0,C007,19,21,,,2025-09-15,3
2025-09-18,44,,10.0,C007,18,20,,,2025-09-15,3
2025-09-18,55,26.0,,C002,20,22,1.0,,2025-09-15,3
2025-09-18,42,,9.0,,17,19,,,2025-09-15,3
2025-09-18,72,30.0,9.0,C004,19,22,,,2025-09-15,3
2025-09-18,5,23.0,10.0,,18,20,2.0,5.0,2025-09-15,3
2025-09-18,41,29.0,9.0,C007,20,22,,,2025-09-15,3
2025-09-18,8,19.0,,C003,9,12,1.0,,2025-09-15,3
2025-09-18,70,,10.0,C004,19,22,,,2025-09-15,3
2025-09-18,49,17.0,,C007,19,21,,,2025-09-15,3
2025-09-18,57,22.0,,,9,12,4.0,,2025-09-15,3
2025-09-18,80,22.0,9.0,,9,10,1.0,,2025-09-15,3
2025-09-18,100,19.0,10.0,C002,11,14,5.0,1.0,2025-09-15,3
2025-09-18,88,21.0,,,19,20,,,2025-09-15,3
2025-09-18,23,25.0,,C003,19,21,,,2025-09-15,3
2025-09-18,50,11.0,9.0,C002,18,21,,,2025-09-15,3
2025-09-18,31,,10.0,C004,18,19,,,2025-09-15,3
2025-09-18,68,15.0,,,12,13,,,2025-09-15,3
2025-09-18,17,26.0,,C002,13,16,4.0,,2025-09-15,3
2025-09-18,83,,10.0,C007,18,19,,,2025-09-15,3
2025-09-18,7,11.0,9.0,C007,18,19,,,2025-09-15,3
2025-09-18,2,,10.0,C004,19,22,,5.0,2025-09-15,3
2025-09-19,33,14.0,,,12,13,4.0,,,4
2025-09-19,78,20.0,7.0,C007,19,22,,5.0,2025-09-15,4
2025-09-19,8,11.0,,,19,21,,,2025-09-15,4
2025-09-19,14,17.0,8.0,C004,20,22,,3.0,2025-09-15,4
2025-09-19,95,29.0,,C002,13,15,,,2025-09-15,4
2025-09-19,82,28.0,,C007,13,14,4.0,,2025-09-15,4
2025-09-19,62,12.0,,,12,15,1.0,,2025-09-15,4
2025-09-19,68,22.0,,C002,13,14,,,2025-09-15,4
2025-09-19,68,19.0,,C003,13,14,1.0,,2025-09-15,4
2025-09-19,85,26.0,,,19,20,,,2025-09-15,4
2025-09-19,30,17.0,8.0,,20,22,1.0,,2025-09-15,4
2025-09-19,96,12.0,8.0,,18,21,5.0,2.0,2025-09-15,4
2025-09-19,96,29.0,8.0,C007,19,21,,,2025-09-15,4
2025-09-19,74,16.0,,,20,21,,,2025-09-15,4
2025-09-19,41,28.0,8.0,,19,21,,3.0,2025-09-15,4
2025-09-19,54,14.0,,,18,21,3.0,,,4
2025-09-19,66,,8.0,,19,22,,,2025-09-15,4
2025-09-19,73,23.0,7.0,C007,19,20,,4.0,2025-09-15,4
2025-09-19,99,12.0,8.0,C003,9,10,,,2025-09-15,4
2025-09-19,20,,8.0,C007,12,13,,4.0,2025-09-15,4
2025-09-19,18,,7.0,,19,21,,,2025-09-15,4
2025-09-19,7,28.0,7.0,C003,9,10,4.0,,2025-09-15,4
2025-09-19,63,25.0,,C003,18,21,,,2025-09-15,4
2025-09-19,82,16.0,,,13,14,4.0,,2025-09-15,4
2025-09-19,91,28.0,7.0,C007,11,14,4.0,1.0,2025-09-15,4
2025-09-19,8,20.0,,C003,19,21,,,2025-09-15,4
2025-09-19,91,14.0,8.0,C003,10,11,3.0,2.0,2025-09-15,4
2025-09-19,51,,8.0,,20,22,,,2025-09-15,4
2025-09-19,84,19.0,7.0,C006,9,10,,2.0,2025-09-15,4
2025-09-19,57,20.0,8.0,C007,9,10,4.0,3.0,2025-09-15,4
2025-09-19,88,16.0,7.0,,19,22,,3.0,2025-09-15,4
2025-09-19,21,,7.0,C004,20,22,,4.0,2025-09-15,4
2025-09-19,44,,7.0,,11,12,,,2025-09-15,4
2025-09-19,62,20.0,8.0,C007,12,14,,2.0,2025-09-15,4
2025-09-19,81,11.0,,,13,14,3.0,,2025-09-15,4
2025-09-19,100,13.0,7.0,,9,12,,,2025-09-15,4
2025-09-19,81,12.0,,,9,10,1.0,,2025-09-15,4
2025-09-19,24,27.0,,C007,12,15,,,2025-09-15,4
2025-09-19,84,19.0,8.0,,20,22,,,2025-09-15,4
2025-09-19,49,,7.0,,14,15,,5.0,2025-09-15,4
2025-09-19,36,11.0,,,15,17,,,2025-09-15,4
2025-09-19,97,28.0,,C007,20,21,,,2025-09-15,4
2025-09-19,90,,7.0,,18,21,,,2025-09-15,4
2025-09-19,77,11.0,,C004,14,15,1.0,,2025-09-15,4
2025-09-19,26,30.0,,C002,17,20,,,2025-09-15,4
2025-09-19,17,14.0,8.0,,19,20,,,2025-09-15,4
2025-09-19,89,22.0,,C007,16,19,,,2025-09-15,4
2025-09-19,72,23.0,8.0,,20,22,1.0,,2025-09-15,4
2025-09-19,75,,7.0,,9,10,,,2025-09-15,4
2025-09-19,39,15.0,8.0,,13,16,1.0,,2025-09-15,4
2025-09-19,23,,8.0,C007,19,22,,1.0,2025-09-15,4
2025-09-19,32,16.0,,,10,12,,,2025-09-15,4
2025-09-19,3,30.0,8.0,,10,12,3.0,2.0,2025-09-15,4
2025-09-19,53,,7.0,C004,20,21,,,2025-09-15,4
2025-09-19,92,22.0,,C002,18,21,3.0,,2025-09-15,4
2025-09-19,94,,8.0,C004,19,20,,,2025-09-15,4
2025-09-19,63,11.0,,C002,12,15,3.0,,2025-09-15,4
2025-09-19,79,29.0,,,12,15,,,2025-09-15,4
2025-09-19,62,,7.0,C004,18,19,,,2025-09-15,4
2025-09-22,77,13.0,,C002,16,18,5.0,,2025-09-22,0
2025-09-22,34,,1.0,C007,14,17,,2.0,2025-09-22,0
2025-09-22,53,,2.0,,13,15,,2.0,2025-09-22,0
2025-09-22,66,,1.0,C007,20,22,,,2025-09-22,0
2025-09-22,71,11.0,,C003,14,16,1.0,,2025-09-22,0
2025-09-22,52,24.0,,,11,14,,,2025-09-22,0
2025-09-22,40,28.0,2.0,C007,13,16,3.0,1.0,2025-09-22,0
2025-09-22,63,30.0,,C002,13,15,,,2025-09-22,0
2025-09-22,47,28.0,1.0,C007,12,13,5.0,,2025-09-22,0
2025-09-22,10,26.0,,C003,18,19,5.0,,2025-09-22,0
2025-09-22,8,17.0,,C003,13,15,,,2025-09-22,0
2025-09-22,100,27.0,2.0,C003,9,10,2.0,,2025-09-22,0
2025-09-22,85,,2.0,,18,21,,,,0
2025-09-22,83,15.0,,,19,22,,,,0
2025-09-22,28,15.0,,,9,12,3.0,,,0
2025-09-22,8,12.0,,,9,12,1.0,,2025-09-22,0
2025-09-22,72,15.0,1.0,C004,9,10,,2.0,2025-09-22,0
2025-09-22,17,23.0,,C004,13,16,3.0,,2025-09-22,0
2025-09-22,95,17.0,,C007,20,22,,,2025-09-22,0
2025-09-22,17,28.0,1.0,C007,19,22,5.0,1.0,2025-09-22,0
2025-09-22,17,,2.0,,19,21,,2.0,2025-09-22,0
2025-09-22,39,22.0,,C007,18,20,,,2025-09-22,0
2025-09-22,42,,2.0,C004,13,15,,,2025-09-22,0
2025-09-22,18,22.0,,C002,20,21,,,2025-09-22,0
2025-09-22,81,17.0,,C007,14,16,,,2025-09-22,0
2025-09-22,18,,2.0,C004,20,21,,,2025-09-22,0
2025-09-22,76,,1.0,C007,11,14,,,2025-09-22,0
2025-09-22,14,15.0,1.0,C007,20,22,,4.0,2025-09-22,0
2025-09-22,7,11.0,1.0,,19,20,,,2025-09-22,0
2025-09-22,96,15.0,,C003,12,13,,,2025-09-22,0
2025-09-22,12,,2.0,C007,16,17,,,2025-09-22,0
2025-09-22,22,,1.0,,14,17,,,2025-09-22,0
2025-09-22,28,,2.0,C007,19,20,,,2025-09-22,0
2025-09-22,54,15.0,,C007,11,12,4.0,,2025-09-22,0
2025-09-22,2,,2.0,,18,21,,,2025-09-22,0
2025-09-22,51,,2.0,,18,19,,,2025-09-22,0
2025-09-22,3,12.0,2.0,C007,12,15,3.0,,2025-09-22,0
2025-09-22,89,26.0,,,18,20,,,2025-09-22,0
2025-09-22,71,16.0,,C004,18,21,,,2025-09-22,0
2025-09-22,85,27.0,,,18,20,,,2025-09-22,0
2025-09-22,63,24.0,,,13,14,2.0,,2025-09-22,0
2025-09-22,42,25.0,,C002,19,20,4.0,,2025-09-22,0
2025-09-22,97,18.0,,C004,20,22,,,2025-09-22,0
2025-09-22,5,29.0,2.0,C006,20,22,,,2025-09-22,0
2025-09-22,82,,2.0,,12,14,,1.0,2025-09-22,0
2025-09-22,25,27.0,2.0,C002,12,14,,1.0,2025-09-22,0
2025-09-22,95,28.0,,C003,9,11,,,2025-09-22,0
2025-09-22,57,28.0,2.0,,18,21,4.0,3.0,2025-09-22,0
2025-09-22,17,14.0,,C002,18,19,,,2025-09-22,0
2025-09-22,19,,2.0,C007,11,13,,4.0,2025-09-22,0
2025-09-22,18,12.0,,,19,22,,,2025-09-22,0
2025-09-22,87,19.0,,,14,16,5.0,,2025-09-22,0
2025-09-22,75,24.0,2.0,C007,19,20,4.0,,2025-09-22,0
2025-09-22,59,28.0,1.0,C007,15,17,4.0,,2025-09-22,0
2025-09-22,19,15.0,,C007,9,12,4.0,,2025-09-22,0
2025-09-22,38,16.0,2.0,C002,19,20,,,2025-09-22,0
2025-09-23,87,,4.0,C004,14,17,,5.0,2025-09-22,1
2025-09-23,63,17.0,,C002,13,16,,,2025-09-22,1
2025-09-23,45,20.0,,,19,22,,,2025-09-22,1
2025-09-23,43,22.0,3.0,C004,11,13,,,2025-09-22,1
2025-09-23,1,25.0,4.0,C002,10,13,,3.0,2025-09-22,1
2025-09-23,95,16.0,,C006,9,11,4.0,,2025-09-22,1
2025-09-23,66,21.0,,,19,22,,,2025-09-22,1
2025-09-23,83,,4.0,C004,13,16,,,2025-09-22,1
2025-09-23,83,28.0,3.0,C003,12,13,1.0,4.0,2025-09-22,1
2025-09-23,18,,3.0,,13,14,,,,1
2025-09-23,65,22.0,3.0,,12,15,,,2025-09-22,1
2025-09-23,28,,4.0,C007,19,20,,,2025-09-22,1
2025-09-23,28,11.0,,C003,19,21,,,2025-09-22,1
2025-09-23,3,,3.0,C006,17,19,,,2025-09-22,1
2025-09-23,88,18.0,,C002,19,22,,,2025-09-22,1
2025-09-23,9,14.0,,C004,12,14,,,2025-09-22,1
2025-09-23,89,14.0,,C007,10,13,,,2025-09-22,1
2025-09-23,73,17.0,4.0,C003,18,19,,,2025-09-22,1
2025-09-23,92,,3.0,C004,18,19,,3.0,2025-09-22,1
2025-09-23,54,14.0,,,11,12,,,2025-09-22,1
2025-09-23,54,11.0,,C004,10,12,,,2025-09-22,1
2025-09-23,74,19.0,,,19,20,5.0,,2025-09-22,1
2025-09-23,29,14.0,,,20,21,1.0,,2025-09-22,1
2025-09-23,2,,4.0,C007,20,22,,5.0,2025-09-22,1
2025-09-23,44,,3.0,,18,21,,,2025-09-22,1
2025-09-23,96,,4.0,C007,19,21,,,2025-09-22,1
2025-09-23,94,,3.0,C007,19,20,,,2025-09-22,1
2025-09-23,72,29.0,4.0,C007,19,22,,,2025-09-22,1
2025-09-23,95,18.0,,C004,10,13,,,2025-09-22,1
2025-09-23,30,20.0,3.0,C003,9,10,,1.0,2025-09-22,1
2025-09-23,56,,4.0,C004,13,15,,,2025-09-22,1
2025-09-23,55,22.0,,,19,22,1.0,,2025-09-22,1
2025-09-23,65,22.0,,,12,14,1.0,,2025-09-22,1
2025-09-23,63,14.0,,,14,16,,,2025-09-22,1
2025-09-23,95,29.0,,C007,19,20,,,2025-09-22,1
2025-09-23,16,28.0,3.0,C004,10,12,2.0,,2025-09-22,1
2025-09-23,54,30.0,,C004,9,10,,,2025-09-22,1
2025-09-23,72,20.0,3.0,C006,19,21,,,2025-09-22,1
2025-09-23,10,,4.0,,14,17,,3.0,2025-09-22,1
2025-09-23,46,27.0,3.0,C002,13,14,,,2025-09-22,1
2025-09-23,10,,3.0,,19,21,,,2025-09-22,1
2025-09-23,31,,4.0,C004,18,21,,,2025-09-22,1
2025-09-23,94,,4.0,,20,22,,,2025-09-22,1
2025-09-23,14,18.0,4.0,,18,20,,,2025-09-22,1
2025-09-23,26,15.0,,,12,13,4.0,,2025-09-22,1
2025-09-23,22,24.0,4.0,C002,9,10,,5.0,2025-09-22,1
2025-09-23,63,13.0,,,14,16,,,2025-09-22,1
2025-09-23,90,21.0,3.0,C007,13,16,,1.0,2025-09-22,1
2025-09-23,69,11.0,3.0,,9,10,,,2025-09-22,1
2025-09-23,96,24.0,,C002,19,21,,,2025-09-22,1
2025-09-23,32,19.0,4.0,,13,14,5.0,4.0,2025-09-22,1
2025-09-23,36,13.0,,C003,17,18,2.0,,2025-09-22,1
2025-09-23,54,23.0,,,15,17,,,2025-09-22,1
2025-09-23,96,19.0,3.0,C003,18,21,,3.0,2025-09-22,1
2025-09-24,40,28.0,5.0,C007,13,16,,,2025-09-22,2
2025-09-24,71,,5.0,,20,21,,,,2
2025-09-24,1,22.0,,,15,18,5.0,,,2
2025-09-24,48,27.0,,,15,16,3.0,,,2
2025-09-24,85,17.0,,,12,15,,,2025-09-22,2
2025-09-24,10,11.0,,C002,12,13,,,2025-09-22,2
2025-09-24,79,21.0,5.0,,14,15,2.0,,2025-09-22,2
2025-09-24,42,16.0,,,18,20,,,2025-09-22,2
2025-09-24,58,23.0,6.0,C002,9,10,,,2025-09-22,2
2025-09-24,20,22.0,,,13,16,3.0,,2025-09-22,2
2025-09-24,8,18.0,,C004,11,13,,,2025-09-22,2
2025-09-24,57,13.0,5.0,C003,9,10,5.0,1.0,2025-09-22,2
2025-09-24,87,,5.0,,19,21,,,2025-09-22,2
2025-09-24,92,,5.0,,13,15,,,2025-09-22,2
2025-09-24,16,25.0,6.0,C007,11,14,1.0,,2025-09-22,2
2025-09-24,2,,5.0,C007,17,19,,3.0,2025-09-22,2
2025-09-24,7,26.0,5.0,C003,9,10,,,2025-09-22,2
2025-09-24,6,16.0,5.0,C007,20,22,,,2025-09-22,2
2025-09-24,35,,6.0,C004,15,17,,3.0,2025-09-22,2
2025-09-24,34,,6.0,,13,16,,1.0,2025-09-22,2
2025-09-24,93,22.0,,C004,15,17,,,2025-09-22,2
2025-09-24,20,21.0,,,12,13,,,2025-09-22,2
2025-09-24,61,23.0,,C004,11,13,,,2025-09-22,2
2025-09-24,85,18.0,6.0,C004,13,15,4.0,,2025-09-22,2
2025-09-24,83,21.0,,,19,20,,,2025-09-22,2
2025-09-24,37,13.0,5.0,,17,19,4.0,5.0,2025-09-22,2
2025-09-24,1,,6.0,,10,11,,,2025-09-22,2
2025-09-24,69,20.0,6.0,C003,18,19,,,2025-09-22,2
2025-09-24,79,12.0,,C002,12,15,,,2025-09-22,2
2025-09-24,96,30.0,,C007,19,21,4.0,,2025-09-22,2
2025-09-24,100,30.0,6.0,C004,11,14,,,2025-09-22,2
2025-09-24,71,25.0,,C002,14,15,2.0,,2025-09-22,2
2025-09-24,25,24.0,,C004,12,14,,,2025-09-22,2
2025-09-24,92,20.0,,,12,15,5.0,,2025-09-22,2
2025-09-24,51,,5.0,C004,17,18,,,2025-09-22,2
2025-09-24,34,,5.0,,9,11,,,2025-09-22,2
2025-09-24,22,17.0,6.0,,9,10,,,2025-09-22,2
2025-09-24,41,14.0,6.0,C004,18,21,,5.0,2025-09-22,2
2025-09-24,10,,5.0,C004,18,19,,5.0,2025-09-22,2
2025-09-24,62,24.0,,C003,18,20,,,2025-09-22,2
2025-09-24,24,29.0,,C004,19,20,,,2025-09-22,2
2025-09-25,28,15.0,,,18,21,,,,3
2025-09-25,10,13.0,,C007,19,20,,,2025-09-22,3
2025-09-25,25,12.0,10.0,C003,12,15,1.0,,2025-09-22,3
2025-09-25,53,,9.0,,15,16,,,2025-09-22,3
2025-09-25,46,19.0,9.0,C007,13,15,,,2025-09-22,3
2025-09-25,90,,10.0,,18,21,,2.0,2025-09-22,3
2025-09-25,22,30.0,10.0,C002,18,19,,5.0,2025-09-22,3
2025-09-25,72,29.0,9.0,C002,18,21,,,2025-09-22,3
2025-09-25,54,13.0,,C002,15,16,,,2025-09-22,3
2025-09-25,57,13.0,10.0,,9,11,4.0,3.0,2025-09-22,3
2025-09-25,77,29.0,,,19,22,1.0,,2025-09-22,3
2025-09-25,37,29.0,,C007,19,20,,,2025-09-22,3
2025-09-25,89,30.0,,C004,17,18,4.0,,2025-09-22,3
2025-09-25,95,19.0,,,10,13,2.0,,2025-09-22,3
2025-09-25,100,25.0,10.0,C002,10,12,,,2025-09-22,3
2025-09-25,91,13.0,9.0,C003,9,10,,,2025-09-22,3
2025-09-25,12,,10.0,C007,17,18,,,2025-09-22,3
2025-09-25,73,17.0,10.0,C002,9,10,3.0,,2025-09-22,3
2025-09-25,56,,9.0,,19,22,,,2025-09-22,3
2025-09-25,51,,9.0,C006,17,20,,,2025-09-22,3
2025-09-25,48,,10.0,C004,20,22,,,2025-09-22,3
2025-09-25,10,27.0,,C007,18,19,1.0,,2025-09-22,3
2025-09-25,91,26.0,9.0,C007,10,13,,,2025-09-22,3
2025-09-25,69,21.0,10.0,C002,18,20,,,2025-09-22,3
2025-09-25,37,15.0,,C004,17,19,,,2025-09-22,3
2025-09-25,6,16.0,9.0,C004,20,21,,,2025-09-22,3
2025-09-25,78,17.0,9.0,C007,19,22,,,2025-09-22,3
2025-09-25,71,23.0,,C007,18,20,1.0,,2025-09-22,3
2025-09-25,96,20.0,,,12,14,,,2025-09-22,3
2025-09-25,1,28.0,,,9,10,,,2025-09-22,3
2025-09-25,96,30.0,,C003,18,20,,,2025-09-22,3
2025-09-25,40,12.0,,,18,21,,,2025-09-22,3
2025-09-25,44,,9.0,C007,20,22,,,2025-09-22,3
2025-09-25,16,17.0,9.0,C007,11,14,,,2025-09-22,3
2025-09-25,51,,10.0,C004,20,21,,,2025-09-22,3
2025-09-25,18,16.0,,,20,22,,,2025-09-22,3
2025-09-25,73,15.0,9.0,C002,20,22,2.0,,2025-09-22,3
2025-09-25,72,25.0,9.0,,18,20,,2.0,2025-09-22,3
2025-09-25,16,30.0,9.0,,10,13,1.0,,2025-09-22,3
2025-09-25,83,25.0,,,13,14,2.0,,2025-09-22,3
2025-09-25,15,29.0,9.0,C003,20,22,,3.0,2025-09-22,3
2025-09-25,29,,10.0,,20,22,,,2025-09-22,3
2025-09-25,2,,10.0,C004,17,19,,2.0,2025-09-22,3
2025-09-26,93,24.0,,C003,9,11,,,2025-09-22,4
2025-09-26,100,19.0,8.0,C007,9,10,1.0,,2025-09-22,4
2025-09-26,70,,7.0,C004,9,11,,,2025-09-22,4
2025-09-26,27,27.0,8.0,,20,21,,,2025-09-22,4
2025-09-26,52,26.0,,C007,9,12,,,2025-09-22,4
2025-09-26,29,18.0,,C004,20,22,3.0,,2025-09-22,4
2025-09-26,48,19.0,,C004,19,20,,,2025-09-22,4
2025-09-26,18,11.0,8.0,C004,20,22,5.0,,2025-09-22,4
2025-09-26,3,,8.0,C004,12,13,,1.0,2025-09-22,4
2025-09-26,4,14.0,,C007,20,22,,,2025-09-22,4
2025-09-26,48,17.0,,,19,22,,,2025-09-22,4
2025-09-26,77,14.0,,,17,20,1.0,,2025-09-22,4
2025-09-26,54,26.0,,,15,16,,,2025-09-22,4
2025-09-26,94,17.0,7.0,,19,21,1.0,2.0,2025-09-22,4
2025-09-26,82,23.0,,C002,14,17,,,2025-09-22,4
2025-09-26,38,26.0,7.0,C002,18,20,2.0,,2025-09-22,4
2025-09-26,11,24.0,8.0,C004,20,22,,3.0,2025-09-22,4
2025-09-26,69,24.0,8.0,C003,9,10,,2.0,2025-09-22,4
2025-09-26,20,12.0,,C002,13,16,4.0,,2025-09-22,4
2025-09-26,5,23.0,8.0,C003,18,20,5.0,,2025-09-22,4
2025-09-26,44,,7.0,C007,13,14,,,2025-09-22,4
2025-09-26,41,30.0,8.0,C004,17,20,2.0,,2025-09-22,4
2025-09-26,26,20.0,,C004,11,13,,,2025-09-22,4
2025-09-26,29,25.0,,,19,22,5.0,,2025-09-22,4
2025-09-26,24,26.0,,C007,19,21,5.0,,2025-09-22,4
2025-09-26,40,14.0,,C007,13,16,,,2025-09-22,4
2025-09-26,87,26.0,,C004,11,12,,,2025-09-22,4
2025-09-26,19,25.0,,C007,10,12,,,2025-09-22,4
2025-09-26,94,20.0,,C004,20,21,,,2025-09-22,4
2025-09-26,34,,8.0,,19,20,,,2025-09-22,4
2025-09-26,71,20.0,,C002,15,18,,,2025-09-22,4
2025-09-26,9,,8.0,,16,18,,,,4
2025-09-26,100,11.0,8.0,C007,11,14,,1.0,2025-09-22,4
2025-09-26,88,,7.0,,20,22,,,2025-09-22,4
2025-09-26,38,25.0,7.0,C002,19,20,,,2025-09-22,4
2025-09-26,26,23.0,,,9,12,3.0,,2025-09-22,4
2025-09-26,67,15.0,8.0,C002,19,20,,3.0,2025-09-22,4
2025-09-26,4,27.0,,C004,19,20,,,2025-09-22,4
2025-09-26,42,17.0,,,14,15,3.0,,2025-09-22,4
2025-09-29,54,22.0,,C002,10,13,,,2025-09-29,0
2025-09-29,28,15.0,1.0,,19,22,1.0,,2025-09-29,0
2025-09-29,18,13.0,,,12,13,4.0,,,0
2025-09-29,79,26.0,,,15,16,5.0,,,0
2025-09-29,89,30.0,,,18,20,3.0,,,0
2025-09-29,38,26.0,,,14,17,,,,0
2025-09-29,34,,1.0,,17,19,,,2025-09-29,0
2025-09-29,68,,2.0,,15,18,,,,0
2025-09-29,27,21.0,,,12,14,5.0,,,0
2025-09-29,97,14.0,,,10,12,5.0,,,0
2025-09-29,44,,1.0,,9,12,,,2025-09-29,0
2025-09-29,13,12.0,,C004,10,12,,,2025-09-29,0
2025-09-29,51,,2.0,,16,18,,5.0,2025-09-29,0
2025-09-29,42,20.0,1.0,,14,15,,,2025-09-29,0
2025-09-29,95,22.0,,,10,11,5.0,,2025-09-29,0
2025-09-29,73,28.0,2.0,C002,9,11,,,2025-09-29,0
2025-09-29,72,28.0,2.0,C007,9,10,,,2025-09-29,0
2025-09-29,16,23.0,2.0,C002,11,14,,,2025-09-29,0
2025-09-29,97,,2.0,C007,20,22,,5.0,2025-09-29,0
2025-09-29,9,13.0,,,14,16,,,2025-09-29,0
2025-09-29,88,24.0,,C004,20,21,1.0,,2025-09-29,0
2025-09-29,88,30.0,,C006,20,22,,,2025-09-29,0
2025-09-29,24,,1.0,C007,13,15,,,2025-09-29,0
2025-09-29,76,,1.0,,15,17,,3.0,2025-09-29,0
2025-09-29,84,20.0,1.0,C007,19,21,,,2025-09-29,0
2025-09-29,6,26.0,1.0,C003,17,20,,,2025-09-29,0
2025-09-29,11,20.0,2.0,C003,9,10,4.0,,2025-09-29,0
2025-09-29,70,,1.0,C004,16,17,,3.0,2025-09-29,0
2025-09-29,58,26.0,1.0,C003,19,20,2.0,4.0,2025-09-29,0
2025-09-29,46,,1.0,C007,10,11,,,2025-09-29,0
2025-09-29,4,,1.0,,19,20,,,2025-09-29,0
2025-09-29,95,26.0,,C007,15,16,2.0,,2025-09-29,0
2025-09-29,23,11.0,,,18,20,,,2025-09-29,0
2025-09-29,88,,1.0,,19,22,,,2025-09-29,0
2025-09-29,77,16.0,,C004,14,16,,,2025-09-29,0
2025-09-29,20,18.0,1.0,,13,14,,,2025-09-29,0
2025-09-29,86,23.0,2.0,C003,18,19,,,2025-09-29,0
2025-09-29,13,20.0,,C007,13,16,3.0,,2025-09-29,0
2025-09-29,71,21.0,,C007,20,21,,,2025-09-29,0
2025-09-29,81,13.0,,C003,13,15,4.0,,2025-09-29,0
2025-09-29,28,,2.0,,20,22,,,2025-09-29,0
2025-09-29,14,26.0,2.0,C003,9,10,,,2025-09-29,0
2025-09-29,32,11.0,2.0,C003,12,14,,,2025-09-29,0
2025-09-29,37,12.0,,C003,16,17,,,2025-09-29,0
2025-09-29,89,25.0,,C007,14,17,,,2025-09-29,0
2025-09-29,97,16.0,,,19,20,,,2025-09-29,0
2025-09-29,55,12.0,,C007,19,20,,,2025-09-29,0
2025-09-29,31,29.0,,,18,20,,,2025-09-29,0
2025-09-29,89,26.0,,C003,13,16,,,2025-09-29,0
2025-09-29,96,23.0,1.0,C003,13,14,1.0,,2025-09-29,0
2025-09-29,83,,1.0,C004,13,15,,3.0,2025-09-29,0
2025-09-29,76,,2.0,,10,13,,4.0,2025-09-29,0
2025-09-29,94,27.0,,C007,20,21,1.0,,2025-09-29,0
2025-09-29,1,14.0,2.0,,15,18,,1.0,2025-09-29,0
2025-09-29,88,19.0,,C007,19,22,,,2025-09-29,0
2025-09-29,97,15.0,1.0,,20,22,4.0,,2025-09-29,0
2025-09-30,37,,4.0,,18,21,,,,1
2025-09-30,34,,3.0,C007,15,17,,1.0,2025-09-29,1
2025-09-30,25,,4.0,,12,14,,5.0,2025-09-29,1
2025-09-30,66,,4.0,C004,20,21,,,2025-09-29,1
2025-09-30,20,,3.0,C007,13,14,,2.0,2025-09-29,1
2025-09-30,60,21.0,,,13,15,1.0,,2025-09-29,1
2025-09-30,71,25.0,,C004,9,12,,,2025-09-29,1
2025-09-30,59,17.0,4.0,C002,9,11,5.0,,2025-09-29,1
2025-09-30,82,,4.0,C004,12,14,,,2025-09-29,1
2025-09-30,41,23.0,4.0,C003,17,19,4.0,2.0,2025-09-29,1
2025-09-30,5,30.0,4.0,C002,18,20,1.0,,2025-09-29,1
2025-09-30,1,,3.0,C004,15,16,,,2025-09-29,1
2025-09-30,83,21.0,,,19,20,,,2025-09-29,1
2025-09-30,11,13.0,3.0,C004,9,10,,3.0,2025-09-29,1
2025-09-30,81,13.0,,C002,11,12,,,2025-09-29,1
2025-09-30,45,26.0,,C002,18,20,4.0,,2025-09-29,1
2025-09-30,11,28.0,3.0,C007,9,11,,,2025-09-29,1
2025-09-30,99,30.0,3.0,C002,19,21,,,2025-09-29,1
2025-09-30,16,20.0,3.0,C002,10,11,,,2025-09-29,1
2025-09-30,49,28.0,,,12,14,,,2025-09-29,1
2025-09-30,45,25.0,,C004,19,22,3.0,,2025-09-29,1
2025-09-30,19,25.0,,C006,11,12,2.0,,2025-09-29,1
2025-09-30,59,14.0,4.0,,15,16,,5.0,2025-09-29,1
2025-09-30,33,19.0,4.0,,14,17,,3.0,2025-09-29,1
2025-09-30,99,30.0,4.0,C003,19,21,4.0,,2025-09-29,1
2025-09-30,40,24.0,3.0,C004,18,19,,,2025-09-29,1
2025-09-30,37,29.0,,,20,22,3.0,,2025-09-29,1
2025-09-30,81,12.0,,,18,19,,,2025-09-29,1
2025-09-30,94,11.0,,,20,21,,,2025-09-29,1
2025-09-30,39,,3.0,,18,20,,2.0,2025-09-29,1
2025-09-30,50,13.0,4.0,C007,9,11,,,2025-09-29,1
2025-09-30,37,12.0,,C007,20,22,5.0,,2025-09-29,1
2025-09-30,75,17.0,,C002,15,18,3.0,,2025-09-29,1
2025-09-30,40,13.0,3.0,C007,19,20,3.0,1.0,2025-09-29,1
2025-09-30,29,28.0,,C002,19,21,1.0,,2025-09-29,1
2025-09-30,91,22.0,3.0,,11,14,,5.0,2025-09-29,1
2025-09-30,73,21.0,3.0,C002,9,10,,,2025-09-29,1
2025-09-30,51,,4.0,,18,20,,3.0,2025-09-29,1
2025-09-30,32,24.0,3.0,C002,19,22,,,2025-09-29,1
2025-09-30,26,12.0,,C007,12,15,,,2025-09-29,1
2025-09-30,15,19.0,3.0,C003,19,20,,,2025-09-29,1
2025-09-30,58,12.0,3.0,C004,19,20,5.0,2.0,2025-09-29,1
2025-09-30,27,20.0,3.0,C003,9,11,4.0,,2025-09-29,1
2025-09-30,3,28.0,4.0,C004,20,21,,,2025-09-29,1
2025-09-30,48,,4.0,,17,20,,,,1
